api,sw_name,bu_id,project,azimuth,dog_leg,inclination,meas_depth,subsea_depth,tvd_depth
500292279000,MPL-20,MILNEPT,MILNE_KUP,0.0,0.0,0.0,0.0,-49.85,0.0
500292279000,MPL-20,MILNEPT,MILNE_KUP,0.0,,0.0,0.0,-49.85,0.0
500292279000,MPL-20,MILNEPT,MILNE_KUP,41.8,0.0,0.35,100.0,50.15,99.99938
500292279000,MPL-20,MILNEPT,MILNE_KUP,41.8,,0.35,100.0,50.15,99.99938
500292279000,MPL-20,MILNEPT,MILNE_KUP,27.06,0.0,0.34,100.0,50.15,99.99941
500292279000,MPL-20,MILNEPT,MILNE_KUP,33.48,0.17,0.32,125.0,75.15,124.999
500292279000,MPL-20,MILNEPT,MILNE_KUP,39.9,0.16,0.3,150.0,100.15,149.99863
500292279000,MPL-20,MILNEPT,MILNE_KUP,36.05,0.11,0.32,175.0,125.15,174.99827
500292279000,MPL-20,MILNEPT,MILNE_KUP,32.06,0.1,0.33,200.0,150.15,199.99787
500292279000,MPL-20,MILNEPT,MILNE_KUP,37.5,,0.3,200.0,150.15,199.99777
500292279000,MPL-20,MILNEPT,MILNE_KUP,37.5,0.06,0.3,200.0,150.15,199.99777
500292279000,MPL-20,MILNEPT,MILNE_KUP,22.89,0.28,0.28,225.0,175.15,224.99751
500292279000,MPL-20,MILNEPT,MILNE_KUP,13.57,0.26,0.23,250.0,200.15,249.99727
500292279000,MPL-20,MILNEPT,MILNE_KUP,335.87,0.74,0.3,275.0,225.15,274.99701
500292279000,MPL-20,MILNEPT,MILNE_KUP,296.99,0.95,0.38,300.0,250.15,299.9966
500292279000,MPL-20,MILNEPT,MILNE_KUP,279.8,0.45,0.22,300.0,250.15,299.99722
500292279000,MPL-20,MILNEPT,MILNE_KUP,279.8,,0.22,300.0,250.15,299.99722
500292279000,MPL-20,MILNEPT,MILNE_KUP,278.73,1.07,0.6,325.0,275.15,324.99569
500292279000,MPL-20,MILNEPT,MILNE_KUP,261.62,1.25,0.83,350.0,300.14,349.99375
500292279000,MPL-20,MILNEPT,MILNE_KUP,256.6,0.79,1.01,375.0,325.14,374.99053
500292279000,MPL-20,MILNEPT,MILNE_KUP,252.43,0.79,1.19,400.0,350.14,399.98591
500292279000,MPL-20,MILNEPT,MILNE_KUP,253.9,0.93,1.12,400.0,350.14,399.98948
500292279000,MPL-20,MILNEPT,MILNE_KUP,253.9,,1.12,400.0,350.14,399.98948
500292279000,MPL-20,MILNEPT,MILNE_KUP,252.06,1.08,1.46,425.0,375.13,424.9792
500292279000,MPL-20,MILNEPT,MILNE_KUP,252.02,1.16,1.75,450.0,400.12,449.96937
500292279000,MPL-20,MILNEPT,MILNE_KUP,252.99,1.01,2.0,475.0,425.11,474.95597
500292279000,MPL-20,MILNEPT,MILNE_KUP,254.06,1.01,2.25,500.0,450.09,499.93875
500292279000,MPL-20,MILNEPT,MILNE_KUP,254.5,,2.2,500.0,450.09,499.94604
500292279000,MPL-20,MILNEPT,MILNE_KUP,254.5,1.08,2.2,500.0,450.09,499.94604
500292279000,MPL-20,MILNEPT,MILNE_KUP,253.68,0.68,2.42,525.0,475.07,524.91799
500292279000,MPL-20,MILNEPT,MILNE_KUP,253.12,0.65,2.58,550.0,500.04,549.89419
500292279000,MPL-20,MILNEPT,MILNE_KUP,251.57,1.67,2.99,575.0,525.01,574.86461
500292279000,MPL-20,MILNEPT,MILNE_KUP,250.1,,3.28,599.0,548.98,598.8315
500292279000,MPL-20,MILNEPT,MILNE_KUP,250.1,1.11,3.28,599.0,548.98,598.8315
500292279000,MPL-20,MILNEPT,MILNE_KUP,249.88,1.76,3.42,600.0,549.98,599.82545
500292279000,MPL-20,MILNEPT,MILNE_KUP,246.87,2.56,4.03,625.0,574.92,624.77254
500292279000,MPL-20,MILNEPT,MILNE_KUP,243.65,2.7,4.66,650.0,599.85,649.70061
500292279000,MPL-20,MILNEPT,MILNE_KUP,241.03,3.41,5.48,675.0,624.75,674.60261
500292279000,MPL-20,MILNEPT,MILNE_KUP,238.8,,6.3,699.0,648.63,698.47273
500292279000,MPL-20,MILNEPT,MILNE_KUP,238.8,3.15,6.3,699.0,648.63,698.47273
500292279000,MPL-20,MILNEPT,MILNE_KUP,238.51,3.55,6.33,700.0,649.62,699.46978
500292279000,MPL-20,MILNEPT,MILNE_KUP,236.35,3.09,7.06,725.0,674.45,724.29917
500292279000,MPL-20,MILNEPT,MILNE_KUP,234.26,3.0,7.76,750.0,699.24,749.09028
500292279000,MPL-20,MILNEPT,MILNE_KUP,232.86,2.41,8.33,775.0,723.99,773.84417
500292279000,MPL-20,MILNEPT,MILNE_KUP,231.62,2.28,8.87,800.0,748.71,798.56301
500292279000,MPL-20,MILNEPT,MILNE_KUP,232.8,2.64,8.85,800.0,748.71,798.5846
500292279000,MPL-20,MILNEPT,MILNE_KUP,232.8,,8.85,800.0,748.71,798.5846
500292279000,MPL-20,MILNEPT,MILNE_KUP,230.57,3.11,9.63,825.0,773.39,823.23776
500292279000,MPL-20,MILNEPT,MILNE_KUP,229.56,3.31,10.44,850.0,798.01,847.85511
500292279000,MPL-20,MILNEPT,MILNE_KUP,228.37,3.44,11.27,875.0,822.56,872.40761
500292279000,MPL-20,MILNEPT,MILNE_KUP,227.71,6.3,12.84,900.0,847.01,896.85555
500292279000,MPL-20,MILNEPT,MILNE_KUP,227.3,4.35,13.08,900.0,847.01,896.73929
500292279000,MPL-20,MILNEPT,MILNE_KUP,227.3,,13.08,900.0,847.01,896.73929
500292279000,MPL-20,MILNEPT,MILNE_KUP,227.96,5.32,14.17,925.0,871.31,921.16375
500292279000,MPL-20,MILNEPT,MILNE_KUP,228.18,3.49,15.04,950.0,895.51,945.35571
500292279000,MPL-20,MILNEPT,MILNE_KUP,228.27,2.32,15.62,975.0,919.62,969.4661
500292279000,MPL-20,MILNEPT,MILNE_KUP,228.2,3.27,16.34,1000.0,943.66,993.44871
500292279000,MPL-20,MILNEPT,MILNE_KUP,228.2,,16.34,1000.0,943.66,993.44871
500292279000,MPL-20,MILNEPT,MILNE_KUP,228.83,2.59,16.25,1000.0,943.66,993.50534
500292279000,MPL-20,MILNEPT,MILNE_KUP,228.89,1.88,16.72,1025.0,967.63,1017.47764
500292279000,MPL-20,MILNEPT,MILNE_KUP,229.29,1.98,17.2,1050.0,991.54,1041.3903
500292279000,MPL-20,MILNEPT,MILNE_KUP,229.98,2.5,17.79,1075.0,1015.38,1065.23382
500292279000,MPL-20,MILNEPT,MILNE_KUP,229.9,,18.18,1100.0,1039.16,1088.94204
500292279000,MPL-20,MILNEPT,MILNE_KUP,229.9,1.91,18.18,1100.0,1039.16,1088.94204
500292279000,MPL-20,MILNEPT,MILNE_KUP,230.42,1.81,18.22,1100.0,1039.16,1089.00952
500292279000,MPL-20,MILNEPT,MILNE_KUP,230.72,2.43,18.82,1125.0,1062.86,1112.71476
500292279000,MPL-20,MILNEPT,MILNE_KUP,231.28,1.76,19.22,1150.0,1086.5,1136.34986
500292279000,MPL-20,MILNEPT,MILNE_KUP,231.6,2.48,19.83,1175.0,1110.06,1159.91217
500292279000,MPL-20,MILNEPT,MILNE_KUP,231.5,,20.23,1200.0,1133.54,1183.37243
500292279000,MPL-20,MILNEPT,MILNE_KUP,231.91,2.24,20.38,1200.0,1133.54,1183.38871
500292279000,MPL-20,MILNEPT,MILNE_KUP,231.5,2.12,20.23,1200.0,1133.54,1183.37243
500292279000,MPL-20,MILNEPT,MILNE_KUP,231.93,2.4,20.98,1225.0,1156.93,1206.7778
500292279000,MPL-20,MILNEPT,MILNE_KUP,232.25,2.92,21.7,1250.0,1180.21,1230.06361
500292279000,MPL-20,MILNEPT,MILNE_KUP,232.63,3.13,22.47,1275.0,1203.38,1253.22914
500292279000,MPL-20,MILNEPT,MILNE_KUP,232.4,,23.05,1300.0,1226.41,1276.31524
500292279000,MPL-20,MILNEPT,MILNE_KUP,232.4,2.84,23.05,1300.0,1226.41,1276.31524
500292279000,MPL-20,MILNEPT,MILNE_KUP,232.92,3.19,23.26,1300.0,1226.41,1276.26456
500292279000,MPL-20,MILNEPT,MILNE_KUP,233.08,4.85,24.47,1325.0,1249.28,1299.12669
500292279000,MPL-20,MILNEPT,MILNE_KUP,233.46,5.32,25.79,1350.0,1271.91,1321.7599
500292279000,MPL-20,MILNEPT,MILNE_KUP,233.61,5.49,27.16,1375.0,1294.29,1344.13762
500292279000,MPL-20,MILNEPT,MILNE_KUP,233.3,5.21,28.25,1400.0,1316.39,1366.43016
500292279000,MPL-20,MILNEPT,MILNE_KUP,233.92,5.55,28.54,1400.0,1316.39,1366.24147
500292279000,MPL-20,MILNEPT,MILNE_KUP,233.3,,28.25,1400.0,1316.39,1366.43016
500292279000,MPL-20,MILNEPT,MILNE_KUP,234.0,5.52,29.92,1425.0,1338.21,1388.05764
500292279000,MPL-20,MILNEPT,MILNE_KUP,234.2,4.78,31.11,1450.0,1359.74,1409.5947
500292279000,MPL-20,MILNEPT,MILNE_KUP,234.34,2.38,31.7,1475.0,1381.08,1430.93228
500292279000,MPL-20,MILNEPT,MILNE_KUP,233.9,,31.84,1500.0,1402.33,1452.97944
500292279000,MPL-20,MILNEPT,MILNE_KUP,233.9,3.6,31.84,1500.0,1402.33,1452.97944
500292279000,MPL-20,MILNEPT,MILNE_KUP,234.46,0.76,31.88,1500.0,1402.33,1452.18192
500292279000,MPL-20,MILNEPT,MILNE_KUP,234.55,0.63,31.73,1525.0,1423.58,1473.42813
500292279000,MPL-20,MILNEPT,MILNE_KUP,234.5,0.65,31.89,1550.0,1444.82,1494.67318
500292279000,MPL-20,MILNEPT,MILNE_KUP,234.57,1.96,32.38,1575.0,1465.99,1515.84308
500292279000,MPL-20,MILNEPT,MILNE_KUP,234.1,,32.79,1600.0,1487.05,1537.49069
500292279000,MPL-20,MILNEPT,MILNE_KUP,234.1,0.96,32.79,1600.0,1487.05,1537.49069
500292279000,MPL-20,MILNEPT,MILNE_KUP,234.49,1.89,32.85,1600.0,1487.05,1536.90085
500292279000,MPL-20,MILNEPT,MILNE_KUP,234.34,1.87,33.31,1625.0,1508.0,1557.84857
500292279000,MPL-20,MILNEPT,MILNE_KUP,234.3,1.16,33.6,1650.0,1528.86,1578.70656
500292279000,MPL-20,MILNEPT,MILNE_KUP,234.13,0.85,33.79,1675.0,1549.66,1599.50667
500292279000,MPL-20,MILNEPT,MILNE_KUP,233.7,1.08,33.85,1700.0,1570.36,1621.05116
500292279000,MPL-20,MILNEPT,MILNE_KUP,233.7,,33.85,1700.0,1570.36,1621.05116
500292279000,MPL-20,MILNEPT,MILNE_KUP,234.2,2.28,34.36,1700.0,1570.36,1620.21425
500292279000,MPL-20,MILNEPT,MILNE_KUP,234.06,2.46,34.97,1725.0,1590.93,1640.77649
500292279000,MPL-20,MILNEPT,MILNE_KUP,234.01,2.44,35.58,1750.0,1611.34,1661.18618
500292279000,MPL-20,MILNEPT,MILNE_KUP,233.83,2.67,36.24,1775.0,1631.58,1681.43461
500292279000,MPL-20,MILNEPT,MILNE_KUP,233.57,2.91,36.95,1800.0,1651.66,1701.50628
500292279000,MPL-20,MILNEPT,MILNE_KUP,233.0,,36.41,1800.0,1651.66,1702.82955
500292279000,MPL-20,MILNEPT,MILNE_KUP,233.0,2.59,36.41,1800.0,1651.66,1702.82955
500292279000,MPL-20,MILNEPT,MILNE_KUP,233.3,2.1,37.45,1825.0,1671.57,1721.41953
500292279000,MPL-20,MILNEPT,MILNE_KUP,232.98,1.18,37.67,1850.0,1691.39,1741.23748
500292279000,MPL-20,MILNEPT,MILNE_KUP,232.9,2.29,38.24,1875.0,1711.1,1760.9498
500292279000,MPL-20,MILNEPT,MILNE_KUP,232.87,2.8,38.94,1900.0,1730.64,1780.49047
500292279000,MPL-20,MILNEPT,MILNE_KUP,232.4,,38.59,1900.0,1730.64,1782.16037
500292279000,MPL-20,MILNEPT,MILNE_KUP,232.4,2.21,38.59,1900.0,1730.64,1782.16037
500292279000,MPL-20,MILNEPT,MILNE_KUP,232.83,2.04,39.45,1925.0,1750.02,1799.86545
500292279000,MPL-20,MILNEPT,MILNE_KUP,232.65,0.46,39.44,1950.0,1769.32,1819.17139
500292279000,MPL-20,MILNEPT,MILNE_KUP,232.87,0.79,39.3,1975.0,1788.65,1838.4981
500292279000,MPL-20,MILNEPT,MILNE_KUP,232.3,1.12,39.71,2000.0,1807.93,1859.70872
500292279000,MPL-20,MILNEPT,MILNE_KUP,233.04,1.93,39.77,2000.0,1807.93,1857.779
500292279000,MPL-20,MILNEPT,MILNE_KUP,232.3,,39.71,2000.0,1807.93,1859.70872
500292279000,MPL-20,MILNEPT,MILNE_KUP,233.41,2.07,40.23,2025.0,1827.08,1876.93015
500292279000,MPL-20,MILNEPT,MILNE_KUP,233.71,2.79,40.9,2050.0,1846.07,1895.92184
500292279000,MPL-20,MILNEPT,MILNE_KUP,233.75,3.84,41.86,2075.0,1864.83,1914.68023
500292279000,MPL-20,MILNEPT,MILNE_KUP,233.74,4.0,42.86,2100.0,1883.3,1933.15321
500292279000,MPL-20,MILNEPT,MILNE_KUP,233.5,,42.59,2100.0,1883.3,1935.00092
500292279000,MPL-20,MILNEPT,MILNE_KUP,233.5,2.99,42.59,2100.0,1883.3,1935.00092
500292279000,MPL-20,MILNEPT,MILNE_KUP,233.66,3.41,43.71,2125.0,1901.5,1951.35192
500292279000,MPL-20,MILNEPT,MILNE_KUP,233.63,3.28,44.53,2150.0,1919.45,1969.29892
500292279000,MPL-20,MILNEPT,MILNE_KUP,233.39,3.0,45.26,2175.0,1937.16,1987.00892
500292279000,MPL-20,MILNEPT,MILNE_KUP,232.8,,45.52,2200.0,1954.66,2006.86079
500292279000,MPL-20,MILNEPT,MILNE_KUP,233.23,2.64,45.91,2200.0,1954.66,2004.50517
500292279000,MPL-20,MILNEPT,MILNE_KUP,232.8,2.97,45.52,2200.0,1954.66,2006.86079
500292279000,MPL-20,MILNEPT,MILNE_KUP,232.93,2.63,46.53,2225.0,1971.95,2021.80246
500292279000,MPL-20,MILNEPT,MILNE_KUP,232.88,3.76,47.47,2250.0,1989.0,2038.85231
500292279000,MPL-20,MILNEPT,MILNE_KUP,232.73,4.3,48.54,2275.0,2005.73,2055.5788
500292279000,MPL-20,MILNEPT,MILNE_KUP,232.1,,48.95,2300.0,2022.12,2074.7504
500292279000,MPL-20,MILNEPT,MILNE_KUP,232.1,3.47,48.95,2300.0,2022.12,2074.7504
500292279000,MPL-20,MILNEPT,MILNE_KUP,232.55,3.96,49.52,2300.0,2022.12,2071.97029
500292279000,MPL-20,MILNEPT,MILNE_KUP,232.38,3.48,50.38,2325.0,2038.21,2088.05663
500292279000,MPL-20,MILNEPT,MILNE_KUP,232.26,4.02,51.38,2350.0,2053.98,2103.83019
500292279000,MPL-20,MILNEPT,MILNE_KUP,232.18,3.89,52.35,2375.0,2069.42,2119.26801
500292279000,MPL-20,MILNEPT,MILNE_KUP,232.11,1.73,52.78,2400.0,2084.61,2134.4646
500292279000,MPL-20,MILNEPT,MILNE_KUP,231.7,3.53,52.47,2400.0,2084.61,2138.06518
500292279000,MPL-20,MILNEPT,MILNE_KUP,231.7,,52.47,2400.0,2084.61,2138.06518
500292279000,MPL-20,MILNEPT,MILNE_KUP,232.17,0.55,52.91,2425.0,2099.71,2149.56403
500292279000,MPL-20,MILNEPT,MILNE_KUP,232.32,1.44,53.25,2450.0,2114.73,2164.58159
500292279000,MPL-20,MILNEPT,MILNE_KUP,232.37,1.33,53.58,2475.0,2129.63,2179.48204
500292279000,MPL-20,MILNEPT,MILNE_KUP,232.48,0.39,53.62,2500.0,2144.47,2194.31761
500292279000,MPL-20,MILNEPT,MILNE_KUP,232.0,1.34,53.79,2500.0,2144.47,2198.06408
500292279000,MPL-20,MILNEPT,MILNE_KUP,232.0,,53.79,2500.0,2144.47,2198.06408
500292279000,MPL-20,MILNEPT,MILNE_KUP,232.56,2.29,54.19,2525.0,2159.2,2209.0458
500292279000,MPL-20,MILNEPT,MILNE_KUP,232.62,3.73,55.12,2550.0,2173.66,2223.50821
500292279000,MPL-20,MILNEPT,MILNE_KUP,232.66,2.76,55.81,2575.0,2187.83,2237.68097
500292279000,MPL-20,MILNEPT,MILNE_KUP,232.65,1.0,56.06,2600.0,2201.83,2251.68439
500292279000,MPL-20,MILNEPT,MILNE_KUP,232.2,,55.89,2600.0,2201.83,2255.64707
500292279000,MPL-20,MILNEPT,MILNE_KUP,232.2,2.11,55.89,2600.0,2201.83,2255.64707
500292279000,MPL-20,MILNEPT,MILNE_KUP,232.79,3.16,56.84,2625.0,2215.65,2265.50101
500292279000,MPL-20,MILNEPT,MILNE_KUP,232.71,4.41,57.94,2650.0,2229.12,2278.97386
500292279000,MPL-20,MILNEPT,MILNE_KUP,232.71,3.4,58.79,2675.0,2242.24,2292.08651
500292279000,MPL-20,MILNEPT,MILNE_KUP,232.2,,58.97,2700.0,2255.08,2309.47355
500292279000,MPL-20,MILNEPT,MILNE_KUP,232.2,3.08,58.97,2700.0,2255.08,2309.47355
500292279000,MPL-20,MILNEPT,MILNE_KUP,232.64,2.37,59.38,2700.0,2255.08,2304.93071
500292279000,MPL-20,MILNEPT,MILNE_KUP,232.54,3.26,60.19,2725.0,2267.66,2317.51189
500292279000,MPL-20,MILNEPT,MILNE_KUP,232.34,3.83,61.13,2750.0,2279.91,2329.76166
500292279000,MPL-20,MILNEPT,MILNE_KUP,232.12,3.14,61.89,2775.0,2291.84,2341.68684
500292279000,MPL-20,MILNEPT,MILNE_KUP,231.7,3.15,62.09,2800.0,2303.5,2358.66448
500292279000,MPL-20,MILNEPT,MILNE_KUP,231.99,2.52,62.51,2800.0,2303.5,2353.34658
500292279000,MPL-20,MILNEPT,MILNE_KUP,231.7,,62.09,2800.0,2303.5,2358.66448
500292279000,MPL-20,MILNEPT,MILNE_KUP,231.84,4.04,63.51,2825.0,2314.84,2364.69245
500292279000,MPL-20,MILNEPT,MILNE_KUP,231.86,4.08,64.53,2850.0,2325.79,2375.64387
500292279000,MPL-20,MILNEPT,MILNE_KUP,231.7,0.89,64.7,2875.0,2336.51,2386.36147
500292279000,MPL-20,MILNEPT,MILNE_KUP,231.6,,64.72,2900.0,2347.09,2403.42867
500292279000,MPL-20,MILNEPT,MILNE_KUP,231.6,2.63,64.72,2900.0,2347.09,2403.42867
500292279000,MPL-20,MILNEPT,MILNE_KUP,231.64,2.09,65.22,2900.0,2347.09,2396.94285
500292279000,MPL-20,MILNEPT,MILNE_KUP,231.55,3.54,66.1,2925.0,2357.4,2407.24665
500292279000,MPL-20,MILNEPT,MILNE_KUP,231.53,4.24,67.16,2950.0,2367.31,2417.16333
500292279000,MPL-20,MILNEPT,MILNE_KUP,231.5,1.4,67.51,2975.0,2376.95,2426.79702
500292279000,MPL-20,MILNEPT,MILNE_KUP,231.61,2.71,68.18,3000.0,2386.37,2436.22495
500292279000,MPL-20,MILNEPT,MILNE_KUP,231.5,,68.02,3000.0,2386.37,2443.50601
500292279000,MPL-20,MILNEPT,MILNE_KUP,231.5,3.3,68.02,3000.0,2386.37,2443.50601
500292279000,MPL-20,MILNEPT,MILNE_KUP,231.76,4.59,69.32,3025.0,2395.44,2445.28591
500292279000,MPL-20,MILNEPT,MILNE_KUP,231.93,4.17,70.35,3050.0,2404.05,2453.90407
500292279000,MPL-20,MILNEPT,MILNE_KUP,232.24,2.05,70.77,3075.0,2412.37,2462.22471
500292279000,MPL-20,MILNEPT,MILNE_KUP,232.4,,71.78,3100.0,2420.38,2477.86644
500292279000,MPL-20,MILNEPT,MILNE_KUP,232.4,3.85,71.78,3100.0,2420.38,2477.86644
500292279000,MPL-20,MILNEPT,MILNE_KUP,232.41,4.57,71.9,3100.0,2420.38,2470.2256
500292279000,MPL-20,MILNEPT,MILNE_KUP,232.48,5.05,73.16,3125.0,2427.88,2477.73077
500292279000,MPL-20,MILNEPT,MILNE_KUP,232.64,4.24,74.21,3150.0,2434.9,2484.75379
500292279000,MPL-20,MILNEPT,MILNE_KUP,232.97,1.57,74.44,3175.0,2441.66,2491.50848
500292279000,MPL-20,MILNEPT,MILNE_KUP,233.17,1.53,74.77,3200.0,2448.3,2498.14544
500292279000,MPL-20,MILNEPT,MILNE_KUP,233.2,3.28,74.97,3200.0,2448.3,2506.47382
500292279000,MPL-20,MILNEPT,MILNE_KUP,233.2,,74.97,3200.0,2448.3,2506.47382
500292279000,MPL-20,MILNEPT,MILNE_KUP,233.1,3.93,75.75,3225.0,2454.66,2504.50636
500292279000,MPL-20,MILNEPT,MILNE_KUP,233.07,2.96,76.49,3250.0,2460.65,2510.50372
500292279000,MPL-20,MILNEPT,MILNE_KUP,233.07,0.88,76.71,3275.0,2466.45,2516.29759
500292279000,MPL-20,MILNEPT,MILNE_KUP,233.09,0.84,76.5,3300.0,2472.24,2522.08933
500292279000,MPL-20,MILNEPT,MILNE_KUP,233.1,1.12,76.09,3300.0,2472.24,2531.46073
500292279000,MPL-20,MILNEPT,MILNE_KUP,233.1,,76.09,3300.0,2472.24,2531.46073
500292279000,MPL-20,MILNEPT,MILNE_KUP,233.2,1.24,76.21,3325.0,2478.14,2527.98713
500292279000,MPL-20,MILNEPT,MILNE_KUP,233.34,0.87,76.04,3350.0,2484.13,2533.98242
500292279000,MPL-20,MILNEPT,MILNE_KUP,233.5,0.63,76.07,3375.0,2490.16,2540.00735
500292279000,MPL-20,MILNEPT,MILNE_KUP,233.7,1.15,75.1,3400.0,2496.22,2556.33808
500292279000,MPL-20,MILNEPT,MILNE_KUP,233.69,1.06,75.88,3400.0,2496.22,2546.06615
500292279000,MPL-20,MILNEPT,MILNE_KUP,233.7,,75.1,3400.0,2496.22,2556.33808
500292279000,MPL-20,MILNEPT,MILNE_KUP,234.02,1.37,76.0,3425.0,2502.29,2552.13979
500292279000,MPL-20,MILNEPT,MILNE_KUP,234.3,2.56,76.58,3450.0,2508.22,2558.06514
500292279000,MPL-20,MILNEPT,MILNE_KUP,234.58,1.09,76.58,3475.0,2514.02,2563.8675
500292279000,MPL-20,MILNEPT,MILNE_KUP,234.6,,75.9,3500.0,2519.85,2581.37636
500292279000,MPL-20,MILNEPT,MILNE_KUP,234.6,1.18,75.9,3500.0,2519.85,2581.37636
500292279000,MPL-20,MILNEPT,MILNE_KUP,234.7,0.67,76.46,3500.0,2519.85,2569.69533
500292279000,MPL-20,MILNEPT,MILNE_KUP,234.83,0.54,76.41,3525.0,2525.71,2575.55921
500292279000,MPL-20,MILNEPT,MILNE_KUP,234.96,0.65,76.31,3550.0,2531.6,2581.4549
500292279000,MPL-20,MILNEPT,MILNE_KUP,235.04,0.57,76.19,3575.0,2537.55,2587.39722
500292279000,MPL-20,MILNEPT,MILNE_KUP,235.16,1.29,76.49,3600.0,2543.45,2593.30138
500292279000,MPL-20,MILNEPT,MILNE_KUP,235.0,,76.41,3600.0,2543.45,2605.30598
500292279000,MPL-20,MILNEPT,MILNE_KUP,235.0,0.64,76.41,3600.0,2543.45,2605.30598
500292279000,MPL-20,MILNEPT,MILNE_KUP,235.16,2.68,77.16,3625.0,2549.15,2598.99967
500292279000,MPL-20,MILNEPT,MILNE_KUP,235.15,2.76,77.85,3650.0,2554.56,2604.40867
500292279000,MPL-20,MILNEPT,MILNE_KUP,235.1,0.19,77.85,3675.0,2559.82,2609.67064
500292279000,MPL-20,MILNEPT,MILNE_KUP,234.9,,77.01,3700.0,2565.13,2628.29387
500292279000,MPL-20,MILNEPT,MILNE_KUP,235.16,0.91,77.63,3700.0,2565.13,2614.97952
500292279000,MPL-20,MILNEPT,MILNE_KUP,234.9,0.61,77.01,3700.0,2565.13,2628.29387
500292279000,MPL-20,MILNEPT,MILNE_KUP,235.19,0.2,77.67,3725.0,2570.48,2620.32677
500292279000,MPL-20,MILNEPT,MILNE_KUP,235.16,0.34,77.75,3750.0,2575.8,2625.64844
500292279000,MPL-20,MILNEPT,MILNE_KUP,235.25,0.48,77.83,3775.0,2581.09,2630.936
500292279000,MPL-20,MILNEPT,MILNE_KUP,235.2,0.39,77.27,3800.0,2586.4,2650.55085
500292279000,MPL-20,MILNEPT,MILNE_KUP,235.29,0.82,77.63,3800.0,2586.4,2636.24915
500292279000,MPL-20,MILNEPT,MILNE_KUP,235.2,,77.27,3800.0,2586.4,2650.55085
500292279000,MPL-20,MILNEPT,MILNE_KUP,235.32,0.65,77.79,3825.0,2591.72,2641.57082
500292279000,MPL-20,MILNEPT,MILNE_KUP,235.32,0.56,77.65,3850.0,2597.04,2646.88822
500292279000,MPL-20,MILNEPT,MILNE_KUP,235.29,0.34,77.57,3875.0,2602.4,2652.25252
500292279000,MPL-20,MILNEPT,MILNE_KUP,235.2,,77.43,3900.0,2607.78,2672.45033
500292279000,MPL-20,MILNEPT,MILNE_KUP,235.2,0.16,77.43,3900.0,2607.78,2672.45033
500292279000,MPL-20,MILNEPT,MILNE_KUP,235.32,0.14,77.59,3900.0,2607.78,2657.6296
500292279000,MPL-20,MILNEPT,MILNE_KUP,235.36,0.17,77.57,3925.0,2613.16,2663.00668
500292279000,MPL-20,MILNEPT,MILNE_KUP,235.31,0.34,77.64,3950.0,2618.52,2668.37311
500292279000,MPL-20,MILNEPT,MILNE_KUP,235.26,0.94,77.41,3975.0,2623.92,2673.77362
500292279000,MPL-20,MILNEPT,MILNE_KUP,235.05,0.99,77.55,4000.0,2629.34,2679.19331
500292279000,MPL-20,MILNEPT,MILNE_KUP,234.8,,77.61,4000.0,2629.34,2694.06028
500292279000,MPL-20,MILNEPT,MILNE_KUP,234.8,0.43,77.61,4000.0,2629.34,2694.06028
500292279000,MPL-20,MILNEPT,MILNE_KUP,234.82,2.19,78.05,4025.0,2634.63,2684.4766
500292279000,MPL-20,MILNEPT,MILNE_KUP,234.73,1.6,78.44,4050.0,2639.72,2689.56995
500292279000,MPL-20,MILNEPT,MILNE_KUP,234.62,0.8,78.61,4075.0,2644.69,2694.54363
500292279000,MPL-20,MILNEPT,MILNE_KUP,234.4,,78.33,4100.0,2649.66,2714.90261
500292279000,MPL-20,MILNEPT,MILNE_KUP,234.4,0.82,78.33,4100.0,2649.66,2714.90261
500292279000,MPL-20,MILNEPT,MILNE_KUP,234.65,0.53,78.48,4100.0,2649.66,2699.50876
500292279000,MPL-20,MILNEPT,MILNE_KUP,234.72,0.42,78.56,4125.0,2654.63,2704.48459
500292279000,MPL-20,MILNEPT,MILNE_KUP,234.78,1.15,78.84,4150.0,2659.53,2709.38342
500292279000,MPL-20,MILNEPT,MILNE_KUP,234.81,0.38,78.93,4175.0,2664.35,2714.20307
500292279000,MPL-20,MILNEPT,MILNE_KUP,234.6,0.55,78.84,4200.0,2669.13,2734.69396
500292279000,MPL-20,MILNEPT,MILNE_KUP,234.6,,78.84,4200.0,2669.13,2734.69396
500292279000,MPL-20,MILNEPT,MILNE_KUP,234.8,0.48,79.05,4200.0,2669.13,2718.97775
500292279000,MPL-20,MILNEPT,MILNE_KUP,234.83,0.97,79.29,4225.0,2673.83,2723.67532
500292279000,MPL-20,MILNEPT,MILNE_KUP,234.88,0.82,79.49,4250.0,2678.43,2728.27857
500292279000,MPL-20,MILNEPT,MILNE_KUP,234.96,0.9,79.7,4275.0,2682.94,2732.79388
500292279000,MPL-20,MILNEPT,MILNE_KUP,234.8,,80.0,4300.0,2687.35,2753.05449
500292279000,MPL-20,MILNEPT,MILNE_KUP,235.01,1.21,80.0,4300.0,2687.35,2737.1997
500292279000,MPL-20,MILNEPT,MILNE_KUP,234.8,1.18,80.0,4300.0,2687.35,2753.05449
500292279000,MPL-20,MILNEPT,MILNE_KUP,234.99,1.4,80.35,4325.0,2691.62,2741.46586
500292279000,MPL-20,MILNEPT,MILNE_KUP,235.04,0.71,80.52,4350.0,2695.77,2745.6202
500292279000,MPL-20,MILNEPT,MILNE_KUP,235.05,0.06,80.53,4375.0,2699.89,2749.73582
500292279000,MPL-20,MILNEPT,MILNE_KUP,235.07,1.2,80.83,4400.0,2703.93,2753.7847
500292279000,MPL-20,MILNEPT,MILNE_KUP,234.8,,80.99,4400.0,2703.93,2769.56765
500292279000,MPL-20,MILNEPT,MILNE_KUP,234.8,0.99,80.99,4400.0,2703.93,2769.56765
500292279000,MPL-20,MILNEPT,MILNE_KUP,235.04,2.2,81.38,4425.0,2707.8,2757.65048
500292279000,MPL-20,MILNEPT,MILNE_KUP,234.7,2.25,81.83,4450.0,2711.45,2761.30058
500292279000,MPL-20,MILNEPT,MILNE_KUP,234.23,1.86,81.81,4475.0,2715.01,2764.85788
500292279000,MPL-20,MILNEPT,MILNE_KUP,233.3,,81.5,4500.0,2718.61,2784.78941
500292279000,MPL-20,MILNEPT,MILNE_KUP,233.57,2.7,81.64,4500.0,2718.61,2768.45621
500292279000,MPL-20,MILNEPT,MILNE_KUP,233.3,1.57,81.5,4500.0,2718.61,2784.78941
500292279000,MPL-20,MILNEPT,MILNE_KUP,233.36,1.3,81.39,4525.0,2722.3,2772.14516
500292279000,MPL-20,MILNEPT,MILNE_KUP,233.36,1.0,81.14,4550.0,2726.09,2775.94196
500292279000,MPL-20,MILNEPT,MILNE_KUP,233.39,1.65,80.73,4575.0,2730.03,2779.88101
500292279000,MPL-20,MILNEPT,MILNE_KUP,233.1,1.95,79.56,4600.0,2734.13,2801.24176
500292279000,MPL-20,MILNEPT,MILNE_KUP,233.1,,79.56,4600.0,2734.13,2801.24176
500292279000,MPL-20,MILNEPT,MILNE_KUP,233.34,1.29,80.41,4600.0,2734.13,2783.97725
500292279000,MPL-20,MILNEPT,MILNE_KUP,233.39,1.69,79.99,4625.0,2738.38,2788.23266
500292279000,MPL-20,MILNEPT,MILNE_KUP,233.47,0.51,79.89,4650.0,2742.75,2792.59983
500292279000,MPL-20,MILNEPT,MILNE_KUP,233.68,1.05,79.73,4675.0,2747.17,2797.02284
500292279000,MPL-20,MILNEPT,MILNE_KUP,233.96,1.72,79.4,4700.0,2751.7,2801.55102
500292279000,MPL-20,MILNEPT,MILNE_KUP,233.7,0.88,78.91,4700.0,2751.7,2819.91995
500292279000,MPL-20,MILNEPT,MILNE_KUP,233.7,,78.91,4700.0,2751.7,2819.91995
500292279000,MPL-20,MILNEPT,MILNE_KUP,234.23,1.46,79.15,4725.0,2756.35,2806.20359
500292279000,MPL-20,MILNEPT,MILNE_KUP,234.41,0.78,79.07,4750.0,2761.08,2810.92687
500292279000,MPL-20,MILNEPT,MILNE_KUP,234.44,1.32,79.4,4775.0,2765.75,2815.59657
500292279000,MPL-20,MILNEPT,MILNE_KUP,234.37,1.35,79.73,4800.0,2770.27,2820.12475
500292279000,MPL-20,MILNEPT,MILNE_KUP,234.0,,79.42,4800.0,2770.27,2838.71806
500292279000,MPL-20,MILNEPT,MILNE_KUP,234.0,0.59,79.42,4800.0,2770.27,2838.71806
500292279000,MPL-20,MILNEPT,MILNE_KUP,234.38,0.28,79.8,4825.0,2774.72,2824.56708
500292279000,MPL-20,MILNEPT,MILNE_KUP,234.43,0.2,79.79,4850.0,2779.15,2828.99653
500292279000,MPL-20,MILNEPT,MILNE_KUP,234.61,1.6,80.15,4875.0,2783.5,2833.3508
500292279000,MPL-20,MILNEPT,MILNE_KUP,234.64,0.65,80.31,4900.0,2787.74,2837.59332
500292279000,MPL-20,MILNEPT,MILNE_KUP,234.4,0.67,79.96,4900.0,2787.74,2856.61546
500292279000,MPL-20,MILNEPT,MILNE_KUP,234.4,,79.96,4900.0,2787.74,2856.61546
500292279000,MPL-20,MILNEPT,MILNE_KUP,234.35,1.27,80.17,4925.0,2791.98,2841.83155
500292279000,MPL-20,MILNEPT,MILNE_KUP,233.65,4.5,79.28,4950.0,2796.44,2846.29106
500292279000,MPL-20,MILNEPT,MILNE_KUP,233.0,2.8,78.99,4975.0,2801.15,2851.00367
500292279000,MPL-20,MILNEPT,MILNE_KUP,232.4,2.16,79.06,5000.0,2805.93,2874.82345
500292279000,MPL-20,MILNEPT,MILNE_KUP,232.4,,79.06,5000.0,2805.93,2874.82345
500292279000,MPL-20,MILNEPT,MILNE_KUP,232.78,0.87,78.97,5000.0,2805.93,2855.78265
500292279000,MPL-20,MILNEPT,MILNE_KUP,232.81,0.85,79.18,5025.0,2810.67,2860.52092
500292279000,MPL-20,MILNEPT,MILNE_KUP,232.86,0.63,79.33,5050.0,2815.33,2865.18206
500292279000,MPL-20,MILNEPT,MILNE_KUP,232.81,0.79,79.14,5075.0,2820.0,2869.85177
500292279000,MPL-20,MILNEPT,MILNE_KUP,232.84,1.21,78.84,5100.0,2824.78,2874.62645
500292279000,MPL-20,MILNEPT,MILNE_KUP,232.5,,79.01,5100.0,2824.78,2893.84438
500292279000,MPL-20,MILNEPT,MILNE_KUP,232.5,0.11,79.01,5100.0,2824.78,2893.84438
500292279000,MPL-20,MILNEPT,MILNE_KUP,232.89,1.22,78.54,5125.0,2829.68,2879.52956
500292279000,MPL-20,MILNEPT,MILNE_KUP,233.02,0.51,78.53,5150.0,2834.65,2884.49897
500292279000,MPL-20,MILNEPT,MILNE_KUP,233.13,0.59,78.43,5175.0,2839.64,2889.4919
500292279000,MPL-20,MILNEPT,MILNE_KUP,233.0,,77.94,5200.0,2844.74,2913.82376
500292279000,MPL-20,MILNEPT,MILNE_KUP,233.0,1.18,77.94,5200.0,2844.74,2913.82376
500292279000,MPL-20,MILNEPT,MILNE_KUP,233.17,1.49,78.06,5200.0,2844.74,2894.58524
500292279000,MPL-20,MILNEPT,MILNE_KUP,233.41,2.17,77.57,5225.0,2850.01,2899.86213
500292279000,MPL-20,MILNEPT,MILNE_KUP,233.62,1.55,77.24,5250.0,2855.46,2905.31376
500292279000,MPL-20,MILNEPT,MILNE_KUP,233.71,1.75,76.81,5275.0,2861.08,2910.92707
500292279000,MPL-20,MILNEPT,MILNE_KUP,233.3,,76.32,5300.0,2866.83,2936.09704
500292279000,MPL-20,MILNEPT,MILNE_KUP,233.67,0.85,76.6,5300.0,2866.83,2916.67636
500292279000,MPL-20,MILNEPT,MILNE_KUP,233.3,1.65,76.32,5300.0,2866.83,2936.09704
500292279000,MPL-20,MILNEPT,MILNE_KUP,233.63,0.62,76.75,5325.0,2872.59,2922.43839
500292279000,MPL-20,MILNEPT,MILNE_KUP,233.57,1.5,77.12,5350.0,2878.24,2928.08996
500292279000,MPL-20,MILNEPT,MILNE_KUP,233.46,0.44,77.09,5375.0,2883.82,2933.66926
500292279000,MPL-20,MILNEPT,MILNE_KUP,233.54,0.93,77.31,5400.0,2889.36,2939.20814
500292279000,MPL-20,MILNEPT,MILNE_KUP,233.2,0.53,76.84,5400.0,2889.36,2959.30571
500292279000,MPL-20,MILNEPT,MILNE_KUP,233.2,,76.84,5400.0,2889.36,2959.30571
500292279000,MPL-20,MILNEPT,MILNE_KUP,233.55,0.96,77.55,5425.0,2894.8,2944.64912
500292279000,MPL-20,MILNEPT,MILNE_KUP,233.58,0.3,77.62,5450.0,2900.17,2950.02407
500292279000,MPL-20,MILNEPT,MILNE_KUP,233.61,1.37,77.96,5475.0,2905.46,2955.31162
500292279000,MPL-20,MILNEPT,MILNE_KUP,233.8,1.09,78.16,5500.0,2910.63,2960.48398
500292279000,MPL-20,MILNEPT,MILNE_KUP,233.6,,77.42,5500.0,2910.63,2981.57967
500292279000,MPL-20,MILNEPT,MILNE_KUP,233.6,0.7,77.42,5500.0,2910.63,2981.57967
500292279000,MPL-20,MILNEPT,MILNE_KUP,234.11,1.37,78.32,5525.0,2915.73,2965.57949
500292279000,MPL-20,MILNEPT,MILNE_KUP,234.14,0.17,78.29,5550.0,2920.8,2970.64721
500292279000,MPL-20,MILNEPT,MILNE_KUP,233.64,1.99,78.2,5575.0,2925.89,2975.7406
500292279000,MPL-20,MILNEPT,MILNE_KUP,233.11,2.11,78.1,5600.0,2931.02,2980.87456
500292279000,MPL-20,MILNEPT,MILNE_KUP,232.8,,77.91,5600.0,2931.02,3002.94266
500292279000,MPL-20,MILNEPT,MILNE_KUP,232.8,0.92,77.91,5600.0,2931.02,3002.94266
500292279000,MPL-20,MILNEPT,MILNE_KUP,232.71,1.58,78.15,5625.0,2936.17,2986.01919
500292279000,MPL-20,MILNEPT,MILNE_KUP,232.44,1.07,78.18,5650.0,2941.3,2991.14673
500292279000,MPL-20,MILNEPT,MILNE_KUP,232.47,0.14,78.2,5675.0,2946.41,2996.26358
500292279000,MPL-20,MILNEPT,MILNE_KUP,232.1,0.79,78.31,5700.0,2951.5,3023.5462
500292279000,MPL-20,MILNEPT,MILNE_KUP,232.53,0.57,78.33,5700.0,2951.5,3001.34839
500292279000,MPL-20,MILNEPT,MILNE_KUP,232.1,,78.31,5700.0,2951.5,3023.5462
500292279000,MPL-20,MILNEPT,MILNE_KUP,232.67,0.87,78.5,5725.0,2956.52,3006.3691
500292279000,MPL-20,MILNEPT,MILNE_KUP,232.6,0.32,78.46,5750.0,2961.51,3011.36203
500292279000,MPL-20,MILNEPT,MILNE_KUP,232.05,2.33,78.24,5775.0,2966.56,3016.41056
500292279000,MPL-20,MILNEPT,MILNE_KUP,231.1,,77.37,5800.0,2971.7,3044.61071
500292279000,MPL-20,MILNEPT,MILNE_KUP,231.45,2.5,78.03,5800.0,2971.7,3021.55094
500292279000,MPL-20,MILNEPT,MILNE_KUP,231.1,1.36,77.37,5800.0,2971.7,3044.61071
500292279000,MPL-20,MILNEPT,MILNE_KUP,231.05,1.61,77.94,5825.0,2976.91,3026.75533
500292279000,MPL-20,MILNEPT,MILNE_KUP,231.02,0.61,78.09,5850.0,2982.1,3031.94689
500292279000,MPL-20,MILNEPT,MILNE_KUP,231.03,0.6,77.94,5875.0,2987.29,3037.13846
500292279000,MPL-20,MILNEPT,MILNE_KUP,231.06,0.89,77.72,5900.0,2992.56,3042.40896
500292279000,MPL-20,MILNEPT,MILNE_KUP,230.7,0.49,77.66,5900.0,2992.56,3066.22918
500292279000,MPL-20,MILNEPT,MILNE_KUP,230.7,,77.66,5900.0,2992.56,3066.22918
500292279000,MPL-20,MILNEPT,MILNE_KUP,231.05,0.25,77.78,5925.0,2997.86,3047.71357
500292279000,MPL-20,MILNEPT,MILNE_KUP,231.0,0.2,77.77,5950.0,3003.16,3053.00753
500292279000,MPL-20,MILNEPT,MILNE_KUP,231.02,0.72,77.59,5975.0,3008.49,3058.34199
500292279000,MPL-20,MILNEPT,MILNE_KUP,230.6,0.81,76.86,6000.0,3013.91,3088.28172
500292279000,MPL-20,MILNEPT,MILNE_KUP,230.6,,76.86,6000.0,3013.91,3088.28172
500292279000,MPL-20,MILNEPT,MILNE_KUP,230.98,0.89,77.37,6000.0,3013.91,3063.76167
500292279000,MPL-20,MILNEPT,MILNE_KUP,230.93,0.23,77.4,6025.0,3019.37,3069.22182
500292279000,MPL-20,MILNEPT,MILNE_KUP,231.06,0.79,77.55,6050.0,3024.79,3074.64363
500292279000,MPL-20,MILNEPT,MILNE_KUP,231.19,0.88,77.73,6075.0,3030.15,3079.99514
500292279000,MPL-20,MILNEPT,MILNE_KUP,230.9,0.54,77.32,6100.0,3035.43,3110.62373
500292279000,MPL-20,MILNEPT,MILNE_KUP,230.9,,77.32,6100.0,3035.43,3110.62373
500292279000,MPL-20,MILNEPT,MILNE_KUP,231.35,0.87,77.88,6100.0,3035.43,3085.27631
500292279000,MPL-20,MILNEPT,MILNE_KUP,231.27,0.39,77.82,6125.0,3040.69,3090.53828
500292279000,MPL-20,MILNEPT,MILNE_KUP,231.25,0.37,77.73,6150.0,3045.98,3095.83223
500292279000,MPL-20,MILNEPT,MILNE_KUP,231.37,0.49,77.76,6175.0,3051.29,3101.13899
500292279000,MPL-20,MILNEPT,MILNE_KUP,231.37,0.52,77.63,6200.0,3056.62,3106.46705
500292279000,MPL-20,MILNEPT,MILNE_KUP,231.1,0.24,77.18,6200.0,3056.62,3132.69349
500292279000,MPL-20,MILNEPT,MILNE_KUP,231.1,,77.18,6200.0,3056.62,3132.69349
500292279000,MPL-20,MILNEPT,MILNE_KUP,231.33,0.22,77.59,6225.0,3061.98,3111.83135
500292279000,MPL-20,MILNEPT,MILNE_KUP,231.4,0.27,77.59,6250.0,3067.35,3117.20417
500292279000,MPL-20,MILNEPT,MILNE_KUP,231.35,0.55,77.72,6275.0,3072.7,3122.54929
500292279000,MPL-20,MILNEPT,MILNE_KUP,230.8,0.32,77.3,6300.0,3078.01,3154.7803
500292279000,MPL-20,MILNEPT,MILNE_KUP,231.29,0.25,77.74,6300.0,3078.01,3127.86243
500292279000,MPL-20,MILNEPT,MILNE_KUP,230.8,,77.3,6300.0,3078.01,3154.7803
500292279000,MPL-20,MILNEPT,MILNE_KUP,231.38,0.95,77.52,6325.0,3083.37,3133.2182
500292279000,MPL-20,MILNEPT,MILNE_KUP,231.78,2.35,77.08,6350.0,3088.86,3138.71454
500292279000,MPL-20,MILNEPT,MILNE_KUP,232.14,1.4,77.07,6375.0,3094.46,3144.30662
500292279000,MPL-20,MILNEPT,MILNE_KUP,232.2,0.31,77.12,6400.0,3100.04,3149.89017
500292279000,MPL-20,MILNEPT,MILNE_KUP,231.7,0.95,76.93,6400.0,3100.04,3177.08019
500292279000,MPL-20,MILNEPT,MILNE_KUP,231.7,,76.93,6400.0,3100.04,3177.08019
500292279000,MPL-20,MILNEPT,MILNE_KUP,232.1,1.04,77.36,6425.0,3105.56,3155.41203
500292279000,MPL-20,MILNEPT,MILNE_KUP,232.1,0.24,77.42,6450.0,3111.02,3160.87005
500292279000,MPL-20,MILNEPT,MILNE_KUP,232.22,0.82,77.25,6475.0,3116.5,3166.35148
500292279000,MPL-20,MILNEPT,MILNE_KUP,231.8,,77.38,6500.0,3122.02,3199.31157
500292279000,MPL-20,MILNEPT,MILNE_KUP,231.8,0.46,77.38,6500.0,3122.02,3199.31157
500292279000,MPL-20,MILNEPT,MILNE_KUP,232.29,0.28,77.26,6500.0,3122.02,3171.86696
500292279000,MPL-20,MILNEPT,MILNE_KUP,232.34,0.2,77.27,6525.0,3127.53,3177.37819
500292279000,MPL-20,MILNEPT,MILNE_KUP,232.34,0.4,77.37,6550.0,3133.02,3182.866
500292279000,MPL-20,MILNEPT,MILNE_KUP,232.39,0.28,77.42,6575.0,3138.47,3188.32189
500292279000,MPL-20,MILNEPT,MILNE_KUP,232.0,,77.34,6600.0,3143.95,3221.19404
500292279000,MPL-20,MILNEPT,MILNE_KUP,232.42,0.61,77.27,6600.0,3143.95,3193.79906
500292279000,MPL-20,MILNEPT,MILNE_KUP,232.0,0.2,77.34,6600.0,3143.95,3221.19404
500292279000,MPL-20,MILNEPT,MILNE_KUP,232.4,0.45,77.16,6625.0,3149.48,3199.33156
500292279000,MPL-20,MILNEPT,MILNE_KUP,232.36,0.22,77.12,6650.0,3155.05,3204.89598
500292279000,MPL-20,MILNEPT,MILNE_KUP,232.35,0.48,77.0,6675.0,3160.64,3210.49441
500292279000,MPL-20,MILNEPT,MILNE_KUP,232.48,0.6,76.92,6700.0,3166.29,3216.13537
500292279000,MPL-20,MILNEPT,MILNE_KUP,232.0,0.18,77.16,6700.0,3166.29,3243.26378
500292279000,MPL-20,MILNEPT,MILNE_KUP,232.0,,77.16,6700.0,3166.29,3243.26378
500292279000,MPL-20,MILNEPT,MILNE_KUP,232.47,0.32,77.0,6725.0,3171.93,3221.77632
500292279000,MPL-20,MILNEPT,MILNE_KUP,232.46,1.2,77.3,6750.0,3177.49,3227.33647
500292279000,MPL-20,MILNEPT,MILNE_KUP,232.34,0.52,77.36,6775.0,3182.97,3232.82004
500292279000,MPL-20,MILNEPT,MILNE_KUP,231.8,,77.26,6800.0,3188.42,3265.40163
500292279000,MPL-20,MILNEPT,MILNE_KUP,232.29,0.41,77.45,6800.0,3188.42,3238.27166
500292279000,MPL-20,MILNEPT,MILNE_KUP,231.8,0.22,77.26,6800.0,3188.42,3265.40163
500292279000,MPL-20,MILNEPT,MILNE_KUP,232.27,1.24,77.76,6825.0,3193.79,3243.63808
500292279000,MPL-20,MILNEPT,MILNE_KUP,232.26,0.8,77.96,6850.0,3199.05,3248.89578
500292279000,MPL-20,MILNEPT,MILNE_KUP,232.23,1.4,78.31,6875.0,3204.19,3254.03611
500292279000,MPL-20,MILNEPT,MILNE_KUP,231.7,,77.86,6900.0,3209.22,3286.94325
500292279000,MPL-20,MILNEPT,MILNE_KUP,231.7,0.61,77.86,6900.0,3209.22,3286.94325
500292279000,MPL-20,MILNEPT,MILNE_KUP,232.21,0.68,78.48,6900.0,3209.22,3259.06538
500292279000,MPL-20,MILNEPT,MILNE_KUP,232.11,0.89,78.68,6925.0,3214.17,3264.01554
500292279000,MPL-20,MILNEPT,MILNE_KUP,231.96,0.67,78.76,6950.0,3219.06,3268.90582
500292279000,MPL-20,MILNEPT,MILNE_KUP,231.94,0.88,78.98,6975.0,3223.88,3273.73189
500292279000,MPL-20,MILNEPT,MILNE_KUP,231.4,1.01,78.83,7000.0,3228.66,3307.14486
500292279000,MPL-20,MILNEPT,MILNE_KUP,231.4,,78.83,7000.0,3228.66,3307.14486
500292279000,MPL-20,MILNEPT,MILNE_KUP,231.77,0.67,78.99,7000.0,3228.66,3278.50872
500292279000,MPL-20,MILNEPT,MILNE_KUP,231.77,0.6,79.14,7025.0,3233.4,3283.25128
500292279000,MPL-20,MILNEPT,MILNE_KUP,231.65,0.83,79.31,7050.0,3238.08,3287.92527
500292279000,MPL-20,MILNEPT,MILNE_KUP,231.58,0.92,79.53,7075.0,3242.67,3292.51566
500292279000,MPL-20,MILNEPT,MILNE_KUP,231.0,,79.29,7100.0,3247.19,3326.12298
500292279000,MPL-20,MILNEPT,MILNE_KUP,231.0,0.61,79.29,7100.0,3247.19,3326.12298
500292279000,MPL-20,MILNEPT,MILNE_KUP,231.46,0.55,79.6,7100.0,3247.19,3297.04384
500292279000,MPL-20,MILNEPT,MILNE_KUP,231.52,0.25,79.58,7125.0,3251.71,3301.56129
500292279000,MPL-20,MILNEPT,MILNE_KUP,231.32,0.79,79.57,7150.0,3256.24,3306.08518
500292279000,MPL-20,MILNEPT,MILNE_KUP,231.45,0.82,79.41,7175.0,3260.8,3310.64554
500292279000,MPL-20,MILNEPT,MILNE_KUP,231.78,2.8,78.79,7200.0,3265.52,3315.3731
500292279000,MPL-20,MILNEPT,MILNE_KUP,231.2,,79.06,7200.0,3265.52,3344.90398
500292279000,MPL-20,MILNEPT,MILNE_KUP,231.2,0.3,79.06,7200.0,3265.52,3344.90398
500292279000,MPL-20,MILNEPT,MILNE_KUP,231.97,1.38,78.5,7225.0,3270.45,3320.29546
500292279000,MPL-20,MILNEPT,MILNE_KUP,232.1,1.05,78.27,7250.0,3275.48,3325.329
500292279000,MPL-20,MILNEPT,MILNE_KUP,232.11,1.64,77.86,7275.0,3280.65,3330.49921
500292279000,MPL-20,MILNEPT,MILNE_KUP,232.25,0.91,77.68,7300.0,3285.95,3335.7953
500292279000,MPL-20,MILNEPT,MILNE_KUP,231.8,1.12,78.11,7300.0,3285.95,3364.69532
500292279000,MPL-20,MILNEPT,MILNE_KUP,231.8,,78.11,7300.0,3285.95,3364.69532
500292279000,MPL-20,MILNEPT,MILNE_KUP,232.34,0.59,77.56,7325.0,3291.31,3341.15533
500292279000,MPL-20,MILNEPT,MILNE_KUP,232.29,0.83,77.76,7350.0,3296.65,3346.49832
500292279000,MPL-20,MILNEPT,MILNE_KUP,232.25,0.54,77.89,7375.0,3301.92,3351.77095
500292279000,MPL-20,MILNEPT,MILNE_KUP,232.25,0.32,77.81,7400.0,3307.18,3357.03292
500292279000,MPL-20,MILNEPT,MILNE_KUP,231.7,0.69,77.43,7400.0,3307.18,3385.87885
500292279000,MPL-20,MILNEPT,MILNE_KUP,231.7,,77.43,7400.0,3307.18,3385.87885
500292279000,MPL-20,MILNEPT,MILNE_KUP,232.18,1.46,77.45,7425.0,3312.54,3362.38869
500292279000,MPL-20,MILNEPT,MILNE_KUP,232.35,1.7,77.06,7450.0,3318.05,3367.90416
500292279000,MPL-20,MILNEPT,MILNE_KUP,232.5,0.78,76.93,7475.0,3323.68,3373.53024
500292279000,MPL-20,MILNEPT,MILNE_KUP,232.0,0.65,76.85,7500.0,3329.34,3408.13576
500292279000,MPL-20,MILNEPT,MILNE_KUP,232.56,0.25,76.91,7500.0,3329.34,3379.18819
500292279000,MPL-20,MILNEPT,MILNE_KUP,232.0,,76.85,7500.0,3329.34,3408.13576
500292279000,MPL-20,MILNEPT,MILNE_KUP,232.41,0.61,76.87,7525.0,3335.01,3384.8589
500292279000,MPL-20,MILNEPT,MILNE_KUP,232.42,0.64,76.71,7550.0,3340.72,3390.57209
500292279000,MPL-20,MILNEPT,MILNE_KUP,232.32,1.18,76.43,7575.0,3346.53,3396.37869
500292279000,MPL-20,MILNEPT,MILNE_KUP,231.9,0.3,76.57,7600.0,3352.47,3431.12373
500292279000,MPL-20,MILNEPT,MILNE_KUP,231.9,,76.57,7600.0,3352.47,3431.12373
500292279000,MPL-20,MILNEPT,MILNE_KUP,232.25,1.5,76.06,7600.0,3352.47,3402.32312
500292279000,MPL-20,MILNEPT,MILNE_KUP,232.32,1.12,75.79,7625.0,3358.55,3408.40308
500292279000,MPL-20,MILNEPT,MILNE_KUP,232.59,1.37,76.01,7650.0,3364.64,3414.49363
500292279000,MPL-20,MILNEPT,MILNE_KUP,232.95,3.42,76.79,7675.0,3370.52,3420.37233
500292279000,MPL-20,MILNEPT,MILNE_KUP,233.36,3.36,77.53,7700.0,3376.08,3425.92822
500292279000,MPL-20,MILNEPT,MILNE_KUP,232.7,1.11,77.36,7700.0,3376.08,3453.67853
500292279000,MPL-20,MILNEPT,MILNE_KUP,232.7,,77.36,7700.0,3376.08,3453.67853
500292279000,MPL-20,MILNEPT,MILNE_KUP,233.52,2.37,78.1,7725.0,3381.36,3431.2051
500292279000,MPL-20,MILNEPT,MILNE_KUP,233.6,0.42,78.17,7750.0,3386.5,3436.34544
500292279000,MPL-20,MILNEPT,MILNE_KUP,233.61,0.4,78.27,7775.0,3391.6,3441.44947
500292279000,MPL-20,MILNEPT,MILNE_KUP,233.2,1.09,78.33,7800.0,3396.69,3474.73411
500292279000,MPL-20,MILNEPT,MILNE_KUP,233.62,0.25,78.21,7800.0,3396.69,3446.54496
500292279000,MPL-20,MILNEPT,MILNE_KUP,233.2,,78.33,7800.0,3396.69,3474.73411
500292279000,MPL-20,MILNEPT,MILNE_KUP,233.61,0.09,78.23,7825.0,3401.8,3451.649
500292279000,MPL-20,MILNEPT,MILNE_KUP,233.55,0.72,78.4,7850.0,3406.86,3456.71245
500292279000,MPL-20,MILNEPT,MILNE_KUP,233.65,1.41,78.74,7875.0,3411.82,3461.66689
500292279000,MPL-20,MILNEPT,MILNE_KUP,233.3,,78.7,7900.0,3416.71,3494.64522
500292279000,MPL-20,MILNEPT,MILNE_KUP,233.75,0.42,78.7,7900.0,3416.71,3466.55716
500292279000,MPL-20,MILNEPT,MILNE_KUP,233.3,0.38,78.7,7900.0,3416.71,3494.64522
500292279000,MPL-20,MILNEPT,MILNE_KUP,233.82,0.66,78.55,7925.0,3421.64,3471.48808
500292279000,MPL-20,MILNEPT,MILNE_KUP,233.87,0.31,78.61,7950.0,3426.59,3476.43825
500292279000,MPL-20,MILNEPT,MILNE_KUP,233.88,0.68,78.78,7975.0,3431.49,3481.33921
500292279000,MPL-20,MILNEPT,MILNE_KUP,233.6,0.54,79.15,8000.0,3436.34,3513.85459
500292279000,MPL-20,MILNEPT,MILNE_KUP,233.6,,79.15,8000.0,3436.34,3513.85459
500292279000,MPL-20,MILNEPT,MILNE_KUP,233.86,0.25,78.84,8000.0,3436.34,3486.19097
500292279000,MPL-20,MILNEPT,MILNE_KUP,233.83,0.73,78.66,8025.0,3441.22,3491.06841
500292279000,MPL-20,MILNEPT,MILNE_KUP,233.96,1.76,78.24,8050.0,3446.22,3496.07415
500292279000,MPL-20,MILNEPT,MILNE_KUP,234.1,0.94,78.05,8075.0,3451.36,3501.21022
500292279000,MPL-20,MILNEPT,MILNE_KUP,233.9,0.82,78.38,8100.0,3456.46,3533.33784
500292279000,MPL-20,MILNEPT,MILNE_KUP,234.2,1.57,78.43,8100.0,3456.46,3506.3057
500292279000,MPL-20,MILNEPT,MILNE_KUP,233.9,,78.38,8100.0,3456.46,3533.33784
500292279000,MPL-20,MILNEPT,MILNE_KUP,234.21,1.64,78.84,8125.0,3461.38,3511.23233
500292279000,MPL-20,MILNEPT,MILNE_KUP,234.52,2.8,78.21,8150.0,3466.36,3516.20601
500292279000,MPL-20,MILNEPT,MILNE_KUP,234.86,1.55,78.01,8175.0,3471.51,3521.35703
500292279000,MPL-20,MILNEPT,MILNE_KUP,234.6,0.72,78.16,8200.0,3476.68,3553.66807
500292279000,MPL-20,MILNEPT,MILNE_KUP,234.97,0.61,78.12,8200.0,3476.68,3526.52725
500292279000,MPL-20,MILNEPT,MILNE_KUP,234.6,,78.16,8200.0,3476.68,3553.66807
500292279000,MPL-20,MILNEPT,MILNE_KUP,234.95,1.0,77.87,8225.0,3481.88,3531.72735
500292279000,MPL-20,MILNEPT,MILNE_KUP,234.89,0.76,77.69,8250.0,3487.17,3537.01918
500292279000,MPL-20,MILNEPT,MILNE_KUP,234.9,1.04,77.43,8275.0,3492.55,3542.40477
500292279000,MPL-20,MILNEPT,MILNE_KUP,234.5,0.76,77.41,8300.0,3498.07,3574.82599
500292279000,MPL-20,MILNEPT,MILNE_KUP,234.55,1.93,77.09,8300.0,3498.07,3547.91814
500292279000,MPL-20,MILNEPT,MILNE_KUP,234.5,,77.41,8300.0,3498.07,3574.82599
500292279000,MPL-20,MILNEPT,MILNE_KUP,234.27,1.62,77.39,8325.0,3503.59,3553.44001
500292279000,MPL-20,MILNEPT,MILNE_KUP,234.17,0.56,77.29,8350.0,3509.07,3558.91931
500292279000,MPL-20,MILNEPT,MILNE_KUP,234.04,0.53,77.25,8375.0,3514.58,3564.42841
500292279000,MPL-20,MILNEPT,MILNE_KUP,234.0,0.8,76.78,8400.0,3520.15,3597.15953
500292279000,MPL-20,MILNEPT,MILNE_KUP,234.0,,76.78,8400.0,3520.15,3597.15953
500292279000,MPL-20,MILNEPT,MILNE_KUP,233.9,1.21,76.98,8400.0,3520.15,3570.00345
500292279000,MPL-20,MILNEPT,MILNE_KUP,233.9,0.24,76.92,8425.0,3525.8,3575.64866
500292279000,MPL-20,MILNEPT,MILNE_KUP,233.86,1.29,77.24,8450.0,3531.39,3581.23858
500292279000,MPL-20,MILNEPT,MILNE_KUP,233.8,0.28,77.2,8475.0,3536.92,3586.76896
500292279000,MPL-20,MILNEPT,MILNE_KUP,233.6,0.52,76.44,8500.0,3542.59,3620.3174
500292279000,MPL-20,MILNEPT,MILNE_KUP,233.91,2.52,76.58,8500.0,3542.59,3592.43964
500292279000,MPL-20,MILNEPT,MILNE_KUP,233.6,,76.44,8500.0,3542.59,3620.3174
500292279000,MPL-20,MILNEPT,MILNE_KUP,233.96,2.97,75.84,8525.0,3548.55,3598.39887
500292279000,MPL-20,MILNEPT,MILNE_KUP,233.96,0.48,75.72,8550.0,3554.69,3604.54018
500292279000,MPL-20,MILNEPT,MILNE_KUP,234.15,0.74,75.7,8575.0,3560.86,3610.71111
500292279000,MPL-20,MILNEPT,MILNE_KUP,234.45,2.17,75.24,8600.0,3567.13,3616.98344
500292279000,MPL-20,MILNEPT,MILNE_KUP,234.0,0.85,75.68,8600.0,3567.13,3644.40788
500292279000,MPL-20,MILNEPT,MILNE_KUP,234.0,,75.68,8600.0,3567.13,3644.40788
500292279000,MPL-20,MILNEPT,MILNE_KUP,234.93,2.97,75.82,8625.0,3573.38,3623.23045
500292279000,MPL-20,MILNEPT,MILNE_KUP,235.44,2.62,76.25,8650.0,3579.41,3629.26387
500292279000,MPL-20,MILNEPT,MILNE_KUP,235.7,2.79,75.6,8675.0,3585.49,3635.34381
500292279000,MPL-20,MILNEPT,MILNE_KUP,235.5,,75.09,8700.0,3591.85,3669.64139
500292279000,MPL-20,MILNEPT,MILNE_KUP,235.5,1.57,75.09,8700.0,3591.85,3669.64139
500292279000,MPL-20,MILNEPT,MILNE_KUP,235.62,2.74,74.92,8700.0,3591.85,3641.70477
500292279000,MPL-20,MILNEPT,MILNE_KUP,235.76,1.54,74.56,8725.0,3598.43,3648.28492
500292279000,MPL-20,MILNEPT,MILNE_KUP,235.88,1.14,74.3,8750.0,3605.15,3654.99547
500292279000,MPL-20,MILNEPT,MILNE_KUP,236.15,2.22,73.81,8775.0,3612.01,3661.86349
500292279000,MPL-20,MILNEPT,MILNE_KUP,235.84,1.28,73.93,8800.0,3618.96,3668.80911
500292279000,MPL-20,MILNEPT,MILNE_KUP,235.9,,74.14,8800.0,3618.96,3696.17155
500292279000,MPL-20,MILNEPT,MILNE_KUP,235.9,1.03,74.14,8800.0,3618.96,3696.17155
500292279000,MPL-20,MILNEPT,MILNE_KUP,235.35,3.78,74.75,8825.0,3625.71,3675.55746
500292279000,MPL-20,MILNEPT,MILNE_KUP,235.1,2.26,75.26,8850.0,3632.18,3682.02599
500292279000,MPL-20,MILNEPT,MILNE_KUP,235.16,1.7,74.84,8875.0,3638.63,3688.47554
500292279000,MPL-20,MILNEPT,MILNE_KUP,235.0,,74.45,8900.0,3645.06,3723.24048
500292279000,MPL-20,MILNEPT,MILNE_KUP,235.0,0.92,74.45,8900.0,3645.06,3723.24048
500292279000,MPL-20,MILNEPT,MILNE_KUP,235.09,1.98,75.33,8900.0,3645.06,3694.91033
500292279000,MPL-20,MILNEPT,MILNE_KUP,234.88,4.4,76.41,8925.0,3651.16,3701.01349
500292279000,MPL-20,MILNEPT,MILNE_KUP,234.8,1.12,76.68,8950.0,3656.98,3706.8307
500292279000,MPL-20,MILNEPT,MILNE_KUP,234.75,0.38,76.6,8975.0,3662.76,3712.60759
500292279000,MPL-20,MILNEPT,MILNE_KUP,234.5,,76.4,9000.0,3668.52,3748.40413
500292279000,MPL-20,MILNEPT,MILNE_KUP,234.62,0.79,76.75,9000.0,3668.52,3718.36962
500292279000,MPL-20,MILNEPT,MILNE_KUP,234.5,2.01,76.4,9000.0,3668.52,3748.40413
500292279000,MPL-20,MILNEPT,MILNE_KUP,234.37,2.01,77.19,9025.0,3674.16,3724.00632
500292279000,MPL-20,MILNEPT,MILNE_KUP,234.32,1.41,76.84,9050.0,3679.77,3729.62388
500292279000,MPL-20,MILNEPT,MILNE_KUP,234.17,2.63,77.48,9075.0,3685.33,3735.17976
500292279000,MPL-20,MILNEPT,MILNE_KUP,233.74,3.65,78.29,9100.0,3690.58,3740.42678
500292279000,MPL-20,MILNEPT,MILNE_KUP,233.7,,77.45,9100.0,3690.58,3771.02679
500292279000,MPL-20,MILNEPT,MILNE_KUP,233.7,1.31,77.45,9100.0,3690.58,3771.02679
500292279000,MPL-20,MILNEPT,MILNE_KUP,233.52,2.11,78.77,9125.0,3695.55,3745.39832
500292279000,MPL-20,MILNEPT,MILNE_KUP,233.48,0.43,78.87,9150.0,3700.4,3750.2458
500292279000,MPL-20,MILNEPT,MILNE_KUP,233.41,0.55,78.99,9175.0,3705.2,3755.04618
500292279000,MPL-20,MILNEPT,MILNE_KUP,233.1,1.29,78.6,9200.0,3710.08,3791.77511
500292279000,MPL-20,MILNEPT,MILNE_KUP,233.1,,78.6,9200.0,3710.08,3791.77511
500292279000,MPL-20,MILNEPT,MILNE_KUP,233.27,2.04,78.5,9200.0,3710.08,3759.92574
500292279000,MPL-20,MILNEPT,MILNE_KUP,233.1,0.98,78.32,9225.0,3715.1,3764.9486
500292279000,MPL-20,MILNEPT,MILNE_KUP,233.04,2.13,78.85,9250.0,3720.05,3769.89661
500292279000,MPL-20,MILNEPT,MILNE_KUP,232.94,1.49,78.49,9275.0,3724.96,3774.80827
500292279000,MPL-20,MILNEPT,MILNE_KUP,232.6,,77.8,9300.0,3730.08,3812.22467
500292279000,MPL-20,MILNEPT,MILNE_KUP,232.81,2.61,77.85,9300.0,3730.08,3779.93363
500292279000,MPL-20,MILNEPT,MILNE_KUP,232.6,0.94,77.8,9300.0,3730.08,3812.22467
500292279000,MPL-20,MILNEPT,MILNE_KUP,232.69,1.63,77.46,9325.0,3735.43,3785.27874
500292279000,MPL-20,MILNEPT,MILNE_KUP,232.65,0.17,77.44,9350.0,3740.86,3790.71121
500292279000,MPL-20,MILNEPT,MILNE_KUP,232.49,0.84,77.3,9375.0,3746.33,3796.17774
500292279000,MPL-20,MILNEPT,MILNE_KUP,232.4,,77.0,9400.0,3751.91,3834.03884
500292279000,MPL-20,MILNEPT,MILNE_KUP,232.4,0.82,77.0,9400.0,3751.91,3834.03884
500292279000,MPL-20,MILNEPT,MILNE_KUP,232.66,1.77,76.89,9400.0,3751.91,3801.76128
500292279000,MPL-20,MILNEPT,MILNE_KUP,232.68,2.44,76.28,9425.0,3757.71,3807.56149
500292279000,MPL-20,MILNEPT,MILNE_KUP,232.71,0.69,76.45,9450.0,3763.61,3813.45506
500292279000,MPL-20,MILNEPT,MILNE_KUP,232.64,2.73,77.13,9475.0,3769.32,3819.16822
500292279000,MPL-20,MILNEPT,MILNE_KUP,232.3,0.31,77.29,9500.0,3774.88,3856.28727
500292279000,MPL-20,MILNEPT,MILNE_KUP,232.67,0.17,77.16,9500.0,3774.88,3824.7305
500292279000,MPL-20,MILNEPT,MILNE_KUP,232.3,,77.29,9500.0,3774.88,3856.28727
500292279000,MPL-20,MILNEPT,MILNE_KUP,232.49,1.01,76.98,9525.0,3780.47,3830.32469
500292279000,MPL-20,MILNEPT,MILNE_KUP,232.29,1.24,77.22,9550.0,3786.06,3835.90612
500292279000,MPL-20,MILNEPT,MILNE_KUP,231.97,3.7,78.09,9575.0,3791.4,3841.2512
500292279000,MPL-20,MILNEPT,MILNE_KUP,231.6,1.48,78.6,9600.0,3796.35,3877.17212
500292279000,MPL-20,MILNEPT,MILNE_KUP,231.6,,78.6,9600.0,3796.35,3877.17212
500292279000,MPL-20,MILNEPT,MILNE_KUP,231.72,4.0,79.06,9600.0,3796.35,3846.20345
500292279000,MPL-20,MILNEPT,MILNE_KUP,231.5,2.14,78.57,9625.0,3801.2,3851.05306
500292279000,MPL-20,MILNEPT,MILNE_KUP,231.52,1.16,78.28,9650.0,3806.22,3856.06949
500292279000,MPL-20,MILNEPT,MILNE_KUP,231.36,0.79,78.16,9675.0,3811.32,3861.17353
500292279000,MPL-20,MILNEPT,MILNE_KUP,231.2,0.46,78.35,9700.0,3816.46,3897.15173
500292279000,MPL-20,MILNEPT,MILNE_KUP,231.17,0.76,78.12,9700.0,3816.46,3866.31174
500292279000,MPL-20,MILNEPT,MILNE_KUP,231.2,,78.35,9700.0,3816.46,3897.15173
500292279000,MPL-20,MILNEPT,MILNE_KUP,231.16,0.25,78.06,9725.0,3821.62,3871.47129
500292279000,MPL-20,MILNEPT,MILNE_KUP,230.58,3.0,78.55,9750.0,3826.69,3876.53904
500292279000,MPL-20,MILNEPT,MILNE_KUP,230.02,3.03,79.07,9775.0,3831.54,3881.39081
500292279000,MPL-20,MILNEPT,MILNE_KUP,229.77,0.99,79.04,9800.0,3836.29,3886.13767
500292279000,MPL-20,MILNEPT,MILNE_KUP,229.6,,79.48,9800.0,3836.29,3916.37913
500292279000,MPL-20,MILNEPT,MILNE_KUP,229.6,1.93,79.48,9800.0,3836.29,3916.37913
500292279000,MPL-20,MILNEPT,MILNE_KUP,229.63,0.55,79.02,9825.0,3841.05,3890.89522
500292279000,MPL-20,MILNEPT,MILNE_KUP,229.4,0.96,79.1,9850.0,3845.79,3895.63993
500292279000,MPL-20,MILNEPT,MILNE_KUP,229.27,0.73,78.97,9875.0,3850.55,3900.39534
500292279000,MPL-20,MILNEPT,MILNE_KUP,229.14,1.53,78.61,9900.0,3855.41,3905.25566
500292279000,MPL-20,MILNEPT,MILNE_KUP,229.0,0.79,78.95,9900.0,3855.41,3935.09164
500292279000,MPL-20,MILNEPT,MILNE_KUP,229.0,,78.95,9900.0,3855.41,3935.09164
500292279000,MPL-20,MILNEPT,MILNE_KUP,229.01,1.56,78.24,9925.0,3860.42,3910.27209
500292279000,MPL-20,MILNEPT,MILNE_KUP,228.98,0.89,78.02,9950.0,3865.56,3915.41456
500292279000,MPL-20,MILNEPT,MILNE_KUP,229.1,,78.01,9968.3,3869.35,3948.73168
500292279000,MPL-20,MILNEPT,MILNE_KUP,229.1,1.38,78.01,9968.31,3869.35,3948.73368
500292279000,MPL-20,MILNEPT,MILNE_KUP,229.1,,78.01,9968.31,3869.35,3948.73368
500292279000,MPL-20,MILNEPT,MILNE_KUP,228.98,0.52,78.15,9975.0,3870.73,3920.57624
500292279000,MPL-20,MILNEPT,MILNE_KUP,229.04,0.61,78.29,10000.0,3875.83,3925.68028
500292279000,MPL-20,MILNEPT,MILNE_KUP,229.03,2.2,77.74,10025.0,3881.02,3930.87182
500292279000,MPL-20,MILNEPT,MILNE_KUP,229.18,1.55,77.38,10050.0,3886.41,3936.25742
500292279000,MPL-20,MILNEPT,MILNE_KUP,229.5,,77.24,10060.49,3888.7,3968.48862
500292279000,MPL-20,MILNEPT,MILNE_KUP,229.5,0.94,77.24,10060.49,3888.7,3968.48862
500292279000,MPL-20,MILNEPT,MILNE_KUP,229.5,,77.24,10060.5,3888.7,3968.49091
500292279000,MPL-20,MILNEPT,MILNE_KUP,229.25,0.28,77.39,10075.0,3891.87,3941.71757
500292279000,MPL-20,MILNEPT,MILNE_KUP,229.15,0.39,77.4,10100.0,3897.32,3947.17345
500292279000,MPL-20,MILNEPT,MILNE_KUP,229.07,1.2,77.69,10125.0,3902.72,3952.56544
500292279000,MPL-20,MILNEPT,MILNE_KUP,229.0,0.29,77.71,10150.0,3908.04,3957.89138
500292279000,MPL-20,MILNEPT,MILNE_KUP,229.4,,77.48,10154.8,3909.06,3989.12605
500292279000,MPL-20,MILNEPT,MILNE_KUP,229.4,0.27,77.48,10154.82,3909.07,3989.13033
500292279000,MPL-20,MILNEPT,MILNE_KUP,229.4,,77.48,10154.82,3909.07,3989.13033
500292279000,MPL-20,MILNEPT,MILNE_KUP,229.01,0.68,77.54,10175.0,3913.4,3963.24928
500292279000,MPL-20,MILNEPT,MILNE_KUP,228.82,2.48,76.95,10200.0,3918.92,3968.769
500292279000,MPL-20,MILNEPT,MILNE_KUP,228.69,1.41,77.28,10225.0,3924.49,3974.34404
500292279000,MPL-20,MILNEPT,MILNE_KUP,229.2,,77.36,10249.6,3929.86,4009.77375
500292279000,MPL-20,MILNEPT,MILNE_KUP,229.2,,77.36,10249.64,3929.87,4009.78239
500292279000,MPL-20,MILNEPT,MILNE_KUP,229.2,0.24,77.36,10249.64,3929.87,4009.78239
500292279000,MPL-20,MILNEPT,MILNE_KUP,228.54,1.09,77.51,10250.0,3929.95,3979.79992
500292279000,MPL-20,MILNEPT,MILNE_KUP,228.65,0.67,77.64,10275.0,3935.33,3985.17914
500292279000,MPL-20,MILNEPT,MILNE_KUP,228.12,3.32,76.99,10300.0,3940.82,3990.66909
500292279000,MPL-20,MILNEPT,MILNE_KUP,228.07,0.94,76.76,10325.0,3946.5,3996.34616
500292279000,MPL-20,MILNEPT,MILNE_KUP,228.0,,76.54,10343.8,3950.81,4031.04479
500292279000,MPL-20,MILNEPT,MILNE_KUP,228.0,1.52,76.54,10343.81,3950.82,4031.04665
500292279000,MPL-20,MILNEPT,MILNE_KUP,228.0,,76.54,10343.81,3950.82,4031.04665
500292279000,MPL-20,MILNEPT,MILNE_KUP,227.7,1.49,76.66,10350.0,3952.24,4002.09335
500292279000,MPL-20,MILNEPT,MILNE_KUP,227.6,1.11,76.92,10375.0,3957.96,4007.80654
500292279000,MPL-20,MILNEPT,MILNE_KUP,227.4,0.96,76.78,10400.0,3963.64,4013.49425
500292279000,MPL-20,MILNEPT,MILNE_KUP,227.65,1.34,76.55,10425.0,3969.41,4019.26053
500292279000,MPL-20,MILNEPT,MILNE_KUP,228.2,,76.16,10434.38,3971.59,4052.42026
500292279000,MPL-20,MILNEPT,MILNE_KUP,228.2,0.47,76.16,10434.38,3971.59,4052.42026
500292279000,MPL-20,MILNEPT,MILNE_KUP,228.2,,76.16,10434.4,3971.6,4052.42548
500292279000,MPL-20,MILNEPT,MILNE_KUP,227.8,0.65,76.48,10450.0,3975.24,4025.09047
500292279000,MPL-20,MILNEPT,MILNE_KUP,227.85,1.02,76.23,10475.0,3981.14,4030.98828
500292279000,MPL-20,MILNEPT,MILNE_KUP,228.08,1.37,76.49,10500.0,3987.03,4036.88397
500292279000,MPL-20,MILNEPT,MILNE_KUP,228.45,3.08,77.17,10525.0,3992.73,4042.58015
500292279000,MPL-20,MILNEPT,MILNE_KUP,228.3,0.58,76.68,10526.19,3992.99,4073.97744
500292279000,MPL-20,MILNEPT,MILNE_KUP,228.3,,76.68,10526.19,3992.99,4073.97744
500292279000,MPL-20,MILNEPT,MILNE_KUP,228.3,,76.68,10526.2,3993.0,4073.98032
500292279000,MPL-20,MILNEPT,MILNE_KUP,228.77,3.03,77.86,10550.0,3998.13,4047.98491
500292279000,MPL-20,MILNEPT,MILNE_KUP,228.61,0.84,78.0,10575.0,4003.36,4053.21275
500292279000,MPL-20,MILNEPT,MILNE_KUP,228.32,2.91,77.33,10600.0,4008.7,4058.55359
500292279000,MPL-20,MILNEPT,MILNE_KUP,228.8,,77.45,10621.0,4013.29,4095.20084
500292279000,MPL-20,MILNEPT,MILNE_KUP,228.8,,77.45,10621.02,4013.29,4095.20468
500292279000,MPL-20,MILNEPT,MILNE_KUP,228.8,0.96,77.45,10621.02,4013.29,4095.20468
500292279000,MPL-20,MILNEPT,MILNE_KUP,228.13,0.93,77.47,10625.0,4014.16,4064.00734
500292279000,MPL-20,MILNEPT,MILNE_KUP,228.24,2.4,78.06,10650.0,4019.46,4069.30554
500292279000,MPL-20,MILNEPT,MILNE_KUP,228.68,2.44,78.49,10675.0,4024.54,4074.3861
500292279000,MPL-20,MILNEPT,MILNE_KUP,228.98,2.61,78.38,10687.0,4026.94,4076.79194
500292279000,MPL-20,MILNEPT,MILNE_KUP,228.7,,78.12,10716.1,4032.87,4115.32205
500292279000,MPL-20,MILNEPT,MILNE_KUP,228.68,1.35,78.12,10716.13,4032.87,4082.72424
500292279000,MPL-20,MILNEPT,MILNE_KUP,228.7,,78.12,10716.13,4032.87,4115.32801
500292279000,MPL-20,MILNEPT,MILNE_KUP,228.7,0.71,78.12,10716.13,4032.87,4115.32801
500292279000,MPL-20,MILNEPT,MILNE_KUP,229.6,1.11,78.65,10808.88,4051.55,4134.00207
500292279000,MPL-20,MILNEPT,MILNE_KUP,229.6,,78.65,10808.88,4051.55,4134.00207
500292279000,MPL-20,MILNEPT,MILNE_KUP,229.62,1.15,78.65,10808.88,4051.55,4101.399
500292279000,MPL-20,MILNEPT,MILNE_KUP,229.6,,78.65,10808.9,4051.55,4134.00618
500292279000,MPL-20,MILNEPT,MILNE_KUP,229.0,,78.36,10903.9,4070.49,4152.93816
500292279000,MPL-20,MILNEPT,MILNE_KUP,229.0,0.69,78.36,10903.93,4070.49,4152.94401
500292279000,MPL-20,MILNEPT,MILNE_KUP,229.0,,78.36,10903.93,4070.49,4152.94401
500292279000,MPL-20,MILNEPT,MILNE_KUP,229.04,0.67,78.36,10903.93,4070.49,4120.3416
500292279000,MPL-20,MILNEPT,MILNE_KUP,228.2,0.89,78.64,10997.16,4089.08,4171.53136
500292279000,MPL-20,MILNEPT,MILNE_KUP,228.2,,78.64,10997.16,4089.08,4171.53136
500292279000,MPL-20,MILNEPT,MILNE_KUP,228.19,0.94,78.64,10997.16,4089.08,4138.92965
500292279000,MPL-20,MILNEPT,MILNE_KUP,228.2,,78.64,10997.2,4089.09,4171.53946
500292279000,MPL-20,MILNEPT,MILNE_KUP,228.62,0.91,77.91,11090.06,4107.96,4157.80889
500292279000,MPL-20,MILNEPT,MILNE_KUP,228.6,,77.91,11090.06,4107.96,4190.40993
500292279000,MPL-20,MILNEPT,MILNE_KUP,228.6,0.89,77.91,11090.06,4107.96,4190.40993
500292279000,MPL-20,MILNEPT,MILNE_KUP,228.6,,77.91,11090.1,4107.97,4190.41804
500292279000,MPL-20,MILNEPT,MILNE_KUP,229.22,0.71,77.6,11182.95,4127.66,4177.51096
500292279000,MPL-20,MILNEPT,MILNE_KUP,229.2,0.71,77.6,11182.95,4127.66,4210.11134
500292279000,MPL-20,MILNEPT,MILNE_KUP,229.2,,77.6,11182.95,4127.66,4210.11134
500292279000,MPL-20,MILNEPT,MILNE_KUP,229.2,,77.6,11183.0,4127.67,4210.12157
500292279000,MPL-20,MILNEPT,MILNE_KUP,229.2,,77.65,11277.2,4147.86,4230.30949
500292279000,MPL-20,MILNEPT,MILNE_KUP,229.2,,77.65,11277.22,4147.86,4230.31427
500292279000,MPL-20,MILNEPT,MILNE_KUP,229.2,0.05,77.65,11277.22,4147.86,4230.31427
500292279000,MPL-20,MILNEPT,MILNE_KUP,229.19,0.06,77.65,11277.22,4147.86,4197.71454
500292279000,MPL-20,MILNEPT,MILNE_KUP,229.6,0.5,77.39,11370.65,4168.06,4250.50444
500292279000,MPL-20,MILNEPT,MILNE_KUP,229.6,,77.39,11370.65,4168.06,4250.50444
500292279000,MPL-20,MILNEPT,MILNE_KUP,229.62,0.53,77.39,11370.65,4168.06,4217.90538
500292279000,MPL-20,MILNEPT,MILNE_KUP,229.6,,77.39,11370.7,4168.07,4250.51479
500292279000,MPL-20,MILNEPT,MILNE_KUP,232.95,3.5,77.75,11464.1,4188.18,4238.02621
500292279000,MPL-20,MILNEPT,MILNE_KUP,232.9,,77.75,11464.1,4188.18,4270.6241
500292279000,MPL-20,MILNEPT,MILNE_KUP,232.9,3.47,77.75,11464.1,4188.18,4270.62451
500292279000,MPL-20,MILNEPT,MILNE_KUP,232.9,,77.75,11464.1,4188.18,4270.62451
500292279000,MPL-20,MILNEPT,MILNE_KUP,233.5,0.63,77.78,11557.89,4208.05,4290.50083
500292279000,MPL-20,MILNEPT,MILNE_KUP,233.5,,77.78,11557.89,4208.05,4290.50083
500292279000,MPL-20,MILNEPT,MILNE_KUP,233.48,0.55,77.78,11557.89,4208.05,4257.90315
500292279000,MPL-20,MILNEPT,MILNE_KUP,233.5,,77.78,11557.9,4208.06,4290.50254
500292279000,MPL-20,MILNEPT,MILNE_KUP,233.1,,77.53,11653.6,4228.52,4310.96304
500292279000,MPL-20,MILNEPT,MILNE_KUP,233.1,,77.53,11653.6,4228.52,4310.96347
500292279000,MPL-20,MILNEPT,MILNE_KUP,233.1,0.48,77.53,11653.6,4228.52,4310.96347
500292279000,MPL-20,MILNEPT,MILNE_KUP,233.12,0.45,77.53,11653.6,4228.52,4278.36645
500292279000,MPL-20,MILNEPT,MILNE_KUP,231.8,,77.56,11747.86,4248.85,4331.29362
500292279000,MPL-20,MILNEPT,MILNE_KUP,231.8,1.35,77.56,11747.86,4248.85,4331.29362
500292279000,MPL-20,MILNEPT,MILNE_KUP,231.79,1.38,77.56,11747.86,4248.85,4298.69729
500292279000,MPL-20,MILNEPT,MILNE_KUP,231.8,,77.56,11747.9,4248.86,4331.30181
500292279000,MPL-20,MILNEPT,MILNE_KUP,232.6,,77.98,11842.3,4268.85,4351.29945
500292279000,MPL-20,MILNEPT,MILNE_KUP,232.58,0.93,77.98,11842.34,4268.86,4318.71253
500292279000,MPL-20,MILNEPT,MILNE_KUP,232.6,0.94,77.98,11842.34,4268.86,4351.3082
500292279000,MPL-20,MILNEPT,MILNE_KUP,232.6,,77.98,11842.34,4268.86,4351.3082
500292279000,MPL-20,MILNEPT,MILNE_KUP,232.8,,78.03,11935.2,4288.16,4370.60653
500292279000,MPL-20,MILNEPT,MILNE_KUP,232.8,0.22,78.03,11935.25,4288.17,4370.61737
500292279000,MPL-20,MILNEPT,MILNE_KUP,232.75,0.19,78.03,11935.25,4288.17,4338.02234
500292279000,MPL-20,MILNEPT,MILNE_KUP,232.8,,78.03,11935.25,4288.17,4370.61737
500292279000,MPL-20,MILNEPT,MILNE_KUP,232.6,,77.77,12029.3,4307.89,4390.33164
500292279000,MPL-20,MILNEPT,MILNE_KUP,232.6,0.35,77.77,12029.34,4307.9,4390.34038
500292279000,MPL-20,MILNEPT,MILNE_KUP,232.6,,77.77,12029.34,4307.9,4390.34038
500292279000,MPL-20,MILNEPT,MILNE_KUP,232.58,0.33,77.77,12029.34,4307.9,4357.74601
500292279000,MPL-20,MILNEPT,MILNE_KUP,231.4,,77.75,12123.85,4327.93,4410.37787
500292279000,MPL-20,MILNEPT,MILNE_KUP,231.4,1.24,77.75,12123.85,4327.93,4410.37787
500292279000,MPL-20,MILNEPT,MILNE_KUP,231.39,1.23,77.75,12123.85,4327.93,4377.78416
500292279000,MPL-20,MILNEPT,MILNE_KUP,231.4,,77.75,12123.9,4327.94,4410.38821
500292279000,MPL-20,MILNEPT,MILNE_KUP,231.7,,78.11,12216.4,4347.29,4429.73058
500292279000,MPL-20,MILNEPT,MILNE_KUP,231.7,0.5,78.11,12216.42,4347.29,4429.73488
500292279000,MPL-20,MILNEPT,MILNE_KUP,231.7,,78.11,12216.42,4347.29,4429.73488
500292279000,MPL-20,MILNEPT,MILNE_KUP,231.73,0.53,78.11,12216.42,4347.29,4397.14183
500292279000,MPL-20,MILNEPT,MILNE_KUP,232.8,,78.9,12312.36,4366.42,4448.85444
500292279000,MPL-20,MILNEPT,MILNE_KUP,232.8,1.39,78.9,12312.36,4366.42,4448.85444
500292279000,MPL-20,MILNEPT,MILNE_KUP,232.8,,78.9,12312.4,4366.42,4448.86211
500292279000,MPL-20,MILNEPT,MILNE_KUP,232.75,1.32,78.9,12312.96,4366.53,4416.38158
500292279000,MPL-20,MILNEPT,MILNE_KUP,233.2,,79.52,12407.1,4384.16,4466.59086
500292279000,MPL-20,MILNEPT,MILNE_KUP,233.2,,79.52,12407.13,4384.16,4466.59631
500292279000,MPL-20,MILNEPT,MILNE_KUP,233.24,0.83,79.52,12407.13,4384.16,4434.01183
500292279000,MPL-20,MILNEPT,MILNE_KUP,233.2,0.78,79.52,12407.13,4384.16,4466.59631
500292279000,MPL-20,MILNEPT,MILNE_KUP,233.5,,80.36,12500.7,4400.51,4482.94074
500292279000,MPL-20,MILNEPT,MILNE_KUP,233.46,0.93,80.36,12500.71,4400.51,4450.35888
500292279000,MPL-20,MILNEPT,MILNE_KUP,233.5,0.95,80.36,12500.71,4400.51,4482.94269
500292279000,MPL-20,MILNEPT,MILNE_KUP,233.5,,80.36,12500.71,4400.51,4482.94269
500292279000,MPL-20,MILNEPT,MILNE_KUP,234.5,,80.62,12595.2,4416.12,4498.55438
500292279000,MPL-20,MILNEPT,MILNE_KUP,234.5,1.08,80.62,12595.24,4416.13,4498.56129
500292279000,MPL-20,MILNEPT,MILNE_KUP,234.5,,80.62,12595.24,4416.13,4498.56129
500292279000,MPL-20,MILNEPT,MILNE_KUP,234.49,1.11,80.62,12595.24,4416.13,4465.97819
500292279000,MPL-20,MILNEPT,MILNE_KUP,232.7,,80.62,12688.17,4431.28,4513.70838
500292279000,MPL-20,MILNEPT,MILNE_KUP,232.7,1.9,80.62,12688.17,4431.28,4481.12595
500292279000,MPL-20,MILNEPT,MILNE_KUP,232.7,1.91,80.62,12688.17,4431.28,4513.70838
500292279000,MPL-20,MILNEPT,MILNE_KUP,232.7,,80.62,12688.2,4431.28,4513.71288
500292279000,MPL-20,MILNEPT,MILNE_KUP,232.01,0.79,80.36,12780.87,4446.59,4496.44267
500292279000,MPL-20,MILNEPT,MILNE_KUP,232.0,,80.36,12780.87,4446.59,4529.02442
500292279000,MPL-20,MILNEPT,MILNE_KUP,232.0,0.8,80.36,12780.87,4446.59,4529.02442
500292279000,MPL-20,MILNEPT,MILNE_KUP,232.0,,80.36,12780.9,4446.6,4529.02892
500292279000,MPL-20,MILNEPT,MILNE_KUP,232.0,,80.07,12873.55,4462.34,4544.77551
500292279000,MPL-20,MILNEPT,MILNE_KUP,232.0,0.31,80.07,12873.55,4462.34,4544.77551
500292279000,MPL-20,MILNEPT,MILNE_KUP,232.02,0.31,80.07,12873.55,4462.34,4512.19443
500292279000,MPL-20,MILNEPT,MILNE_KUP,232.0,,80.07,12873.6,4462.35,4544.78341
500292279000,MPL-20,MILNEPT,MILNE_KUP,231.1,,79.77,12967.0,4478.7,4561.13087
500292279000,MPL-20,MILNEPT,MILNE_KUP,231.06,1.06,79.77,12967.02,4478.7,4528.55487
500292279000,MPL-20,MILNEPT,MILNE_KUP,231.1,1.0,79.77,12967.02,4478.7,4561.13522
500292279000,MPL-20,MILNEPT,MILNE_KUP,231.1,,79.77,12967.02,4478.7,4561.13522
500292279000,MPL-20,MILNEPT,MILNE_KUP,231.0,,80.03,13059.88,4494.99,4577.41976
500292279000,MPL-20,MILNEPT,MILNE_KUP,231.0,0.3,80.03,13059.88,4494.99,4577.41976
500292279000,MPL-20,MILNEPT,MILNE_KUP,231.03,0.28,80.03,13059.88,4494.99,4544.84009
500292279000,MPL-20,MILNEPT,MILNE_KUP,231.0,,80.03,13059.9,4494.99,4577.42243
500292279000,MPL-20,MILNEPT,MILNE_KUP,231.7,,79.76,13154.7,4511.63,4594.05553
500292279000,MPL-20,MILNEPT,MILNE_KUP,231.7,0.78,79.76,13154.72,4511.63,4594.05988
500292279000,MPL-20,MILNEPT,MILNE_KUP,231.7,,79.76,13154.72,4511.63,4594.05988
500292279000,MPL-20,MILNEPT,MILNE_KUP,231.7,0.75,79.76,13154.72,4511.63,4561.48088
500292279000,MPL-20,MILNEPT,MILNE_KUP,230.6,,79.4,13248.6,4528.61,4611.03899
500292279000,MPL-20,MILNEPT,MILNE_KUP,230.6,,79.4,13248.63,4528.62,4611.04515
500292279000,MPL-20,MILNEPT,MILNE_KUP,230.63,1.18,79.4,13248.63,4528.62,4578.4668
500292279000,MPL-20,MILNEPT,MILNE_KUP,230.6,1.21,79.4,13248.63,4528.62,4611.04515
500292279000,MPL-20,MILNEPT,MILNE_KUP,232.7,,79.72,13342.8,4545.68,4628.1104
500292279000,MPL-20,MILNEPT,MILNE_KUP,232.7,2.22,79.72,13342.82,4545.69,4628.11475
500292279000,MPL-20,MILNEPT,MILNE_KUP,232.7,,79.72,13342.82,4545.69,4628.11475
500292279000,MPL-20,MILNEPT,MILNE_KUP,232.67,2.16,79.72,13342.82,4545.69,4595.53697
500292279000,MPL-20,MILNEPT,MILNE_KUP,231.5,,80.02,13437.2,4562.29,4644.71425
500292279000,MPL-20,MILNEPT,MILNE_KUP,231.5,1.26,80.02,13437.21,4562.29,4612.13972
500292279000,MPL-20,MILNEPT,MILNE_KUP,231.5,1.29,80.02,13437.21,4562.29,4644.71683
500292279000,MPL-20,MILNEPT,MILNE_KUP,231.5,,80.02,13437.21,4562.29,4644.71683
500292279000,MPL-20,MILNEPT,MILNE_KUP,231.49,0.19,79.84,13530.68,4578.63,4628.48374
500292279000,MPL-20,MILNEPT,MILNE_KUP,231.5,0.19,79.84,13530.68,4578.63,4661.06017
500292279000,MPL-20,MILNEPT,MILNE_KUP,231.5,,79.84,13530.68,4578.63,4661.06017
500292279000,MPL-20,MILNEPT,MILNE_KUP,231.5,,79.84,13530.7,4578.64,4661.06283
500292279000,MPL-20,MILNEPT,MILNE_KUP,231.0,0.54,79.66,13626.96,4595.77,4678.19267
500292279000,MPL-20,MILNEPT,MILNE_KUP,231.0,,79.66,13626.96,4595.77,4678.19267
500292279000,MPL-20,MILNEPT,MILNE_KUP,231.03,0.51,79.66,13626.98,4595.77,4645.62048
500292279000,MPL-20,MILNEPT,MILNE_KUP,231.0,,79.66,13627.0,4595.77,4678.19889
500292279000,MPL-20,MILNEPT,MILNE_KUP,230.92,0.35,79.35,13721.05,4612.91,4662.75597
500292279000,MPL-20,MILNEPT,MILNE_KUP,230.9,,79.35,13721.05,4612.91,4695.33112
500292279000,MPL-20,MILNEPT,MILNE_KUP,230.9,0.35,79.35,13721.05,4612.91,4695.33112
500292279000,MPL-20,MILNEPT,MILNE_KUP,230.9,,79.35,13721.1,4612.92,4695.33916
500292279000,MPL-20,MILNEPT,MILNE_KUP,231.4,,79.08,13814.97,4630.48,4712.90592
500292279000,MPL-20,MILNEPT,MILNE_KUP,231.4,0.58,79.08,13814.97,4630.48,4680.33143
500292279000,MPL-20,MILNEPT,MILNE_KUP,231.4,0.6,79.08,13814.97,4630.48,4712.90592
500292279000,MPL-20,MILNEPT,MILNE_KUP,231.4,,79.08,13815.0,4630.49,4712.91021
500292279000,MPL-20,MILNEPT,MILNE_KUP,230.9,,78.53,13909.3,4648.8,4731.21848
500292279000,MPL-20,MILNEPT,MILNE_KUP,230.9,,78.53,13909.33,4648.8,4731.22583
500292279000,MPL-20,MILNEPT,MILNE_KUP,230.9,0.78,78.53,13909.33,4648.8,4698.65202
500292279000,MPL-20,MILNEPT,MILNE_KUP,230.9,0.78,78.53,13909.33,4648.8,4731.22583
500292279000,MPL-20,MILNEPT,MILNE_KUP,229.7,1.29,78.15,14005.4,4668.22,4750.64257
500292279000,MPL-20,MILNEPT,MILNE_KUP,229.67,1.31,78.15,14005.4,4668.22,4718.06948
500292279000,MPL-20,MILNEPT,MILNE_KUP,229.7,,78.15,14005.4,4668.22,4750.64257
500292279000,MPL-20,MILNEPT,MILNE_KUP,229.7,,78.15,14005.4,4668.22,4750.64128
500292279000,MPL-20,MILNEPT,MILNE_KUP,231.2,,77.68,14099.98,4688.02,4770.44511
500292279000,MPL-20,MILNEPT,MILNE_KUP,231.22,1.68,77.68,14099.98,4688.02,4737.87276
500292279000,MPL-20,MILNEPT,MILNE_KUP,231.2,1.63,77.68,14099.98,4688.02,4770.44511
500292279000,MPL-20,MILNEPT,MILNE_KUP,231.2,,77.68,14100.0,4688.03,4770.44801
500292279000,MPL-20,MILNEPT,MILNE_KUP,230.7,,77.65,14194.0,4708.11,4790.53046
500292279000,MPL-20,MILNEPT,MILNE_KUP,230.74,0.5,77.65,14194.0,4708.11,4757.95876
500292279000,MPL-20,MILNEPT,MILNE_KUP,230.7,,77.65,14194.0,4708.11,4790.52908
500292279000,MPL-20,MILNEPT,MILNE_KUP,230.7,0.52,77.65,14194.0,4708.11,4790.53046
500292279000,MPL-20,MILNEPT,MILNE_KUP,230.7,,76.87,14288.2,4728.88,4811.30259
500292279000,MPL-20,MILNEPT,MILNE_KUP,230.7,0.83,76.87,14288.22,4728.89,4811.30837
500292279000,MPL-20,MILNEPT,MILNE_KUP,230.73,0.83,76.87,14288.22,4728.89,4778.73733
500292279000,MPL-20,MILNEPT,MILNE_KUP,230.7,,76.87,14288.22,4728.89,4811.30837
500292279000,MPL-20,MILNEPT,MILNE_KUP,231.7,1.05,77.13,14383.88,4750.41,4832.82769
500292279000,MPL-20,MILNEPT,MILNE_KUP,231.69,1.01,77.13,14383.88,4750.41,4800.25727
500292279000,MPL-20,MILNEPT,MILNE_KUP,231.7,,77.13,14383.88,4750.41,4832.82769
500292279000,MPL-20,MILNEPT,MILNE_KUP,231.7,,77.13,14383.9,4750.41,4832.8309
500292279000,MPL-20,MILNEPT,MILNE_KUP,232.6,,77.68,14478.35,4771.01,4853.42796
500292279000,MPL-20,MILNEPT,MILNE_KUP,232.6,1.1,77.68,14478.35,4771.01,4853.42796
500292279000,MPL-20,MILNEPT,MILNE_KUP,232.65,1.15,77.68,14478.35,4771.01,4820.85825
500292279000,MPL-20,MILNEPT,MILNE_KUP,232.6,,77.68,14478.4,4771.02,4853.43772
500292279000,MPL-20,MILNEPT,MILNE_KUP,230.4,,77.21,14571.19,4791.19,4873.61152
500292279000,MPL-20,MILNEPT,MILNE_KUP,230.44,2.38,77.21,14571.19,4791.19,4841.04248
500292279000,MPL-20,MILNEPT,MILNE_KUP,230.4,2.37,77.21,14571.19,4791.19,4873.61152
500292279000,MPL-20,MILNEPT,MILNE_KUP,230.4,,77.21,14571.2,4791.19,4873.61258
500292279000,MPL-20,MILNEPT,MILNE_KUP,230.9,0.56,77.42,14665.18,4811.83,4894.25097
500292279000,MPL-20,MILNEPT,MILNE_KUP,230.9,,77.42,14665.18,4811.83,4894.25097
500292279000,MPL-20,MILNEPT,MILNE_KUP,230.8,0.44,77.42,14665.18,4811.83,4861.68253
500292279000,MPL-20,MILNEPT,MILNE_KUP,230.9,,77.42,14665.2,4811.84,4894.25423
500292279000,MPL-20,MILNEPT,MILNE_KUP,231.7,0.95,76.98,14759.47,4832.72,4915.14105
500292279000,MPL-20,MILNEPT,MILNE_KUP,231.71,1.05,76.98,14759.47,4832.72,4882.57336
500292279000,MPL-20,MILNEPT,MILNE_KUP,231.7,,76.98,14759.47,4832.72,4915.14105
500292279000,MPL-20,MILNEPT,MILNE_KUP,231.7,,76.98,14759.5,4832.73,4915.14652
500292279000,MPL-20,MILNEPT,MILNE_KUP,231.31,0.47,77.18,14853.15,4853.67,4903.52003
500292279000,MPL-20,MILNEPT,MILNE_KUP,231.3,,77.18,14853.15,4853.67,4936.08707
500292279000,MPL-20,MILNEPT,MILNE_KUP,231.3,0.47,77.18,14853.15,4853.67,4936.08707
500292279000,MPL-20,MILNEPT,MILNE_KUP,231.3,,77.18,14853.2,4853.68,4936.09701
500292279000,MPL-20,MILNEPT,MILNE_KUP,231.1,,77.42,14948.0,4874.52,4956.93843
500292279000,MPL-20,MILNEPT,MILNE_KUP,231.1,,77.42,14948.03,4874.53,4956.94608
500292279000,MPL-20,MILNEPT,MILNE_KUP,231.09,0.34,77.42,14948.03,4874.53,4924.37971
500292279000,MPL-20,MILNEPT,MILNE_KUP,231.1,0.33,77.42,14948.03,4874.53,4956.94608
500292279000,MPL-20,MILNEPT,MILNE_KUP,231.2,,77.4,15021.87,4890.63,4973.0412
500292279000,MPL-20,MILNEPT,MILNE_KUP,231.25,0.21,77.4,15021.87,4890.63,4940.47535
500292279000,MPL-20,MILNEPT,MILNE_KUP,231.2,0.13,77.4,15021.87,4890.63,4973.0412
500292279000,MPL-20,MILNEPT,MILNE_KUP,231.2,,77.4,15021.9,4890.63,4973.04663
500292279000,MPL-20,MILNEPT,MILNE_KUP,232.94,1.78,77.08,15116.07,4911.43,4961.28315
500292279000,MPL-20,MILNEPT,MILNE_KUP,232.9,1.79,77.08,15116.07,4911.43,4993.84836
500292279000,MPL-20,MILNEPT,MILNE_KUP,232.9,,77.08,15116.07,4911.43,4993.84836
500292279000,MPL-20,MILNEPT,MILNE_KUP,232.9,,77.08,15116.1,4911.44,4993.85379
500292279000,MPL-20,MILNEPT,MILNE_KUP,230.6,,76.96,15209.38,4932.39,5014.80948
500292279000,MPL-20,MILNEPT,MILNE_KUP,230.6,2.41,76.96,15209.38,4932.39,5014.80948
500292279000,MPL-20,MILNEPT,MILNE_KUP,230.62,2.43,76.96,15209.38,4932.39,4982.24496
500292279000,MPL-20,MILNEPT,MILNE_KUP,230.6,,76.96,15209.4,4932.4,5014.81266
500292279000,MPL-20,MILNEPT,MILNE_KUP,229.7,0.98,76.65,15304.29,4954.06,5036.47459
500292279000,MPL-20,MILNEPT,MILNE_KUP,229.67,1.03,76.65,15304.29,4954.06,5003.91078
500292279000,MPL-20,MILNEPT,MILNE_KUP,229.7,,76.65,15304.29,4954.06,5036.47459
500292279000,MPL-20,MILNEPT,MILNE_KUP,229.7,,76.65,15304.3,4954.06,5036.47549
500292279000,MPL-20,MILNEPT,MILNE_KUP,231.7,,76.84,15397.8,4975.5,5057.91572
500292279000,MPL-20,MILNEPT,MILNE_KUP,231.65,2.07,76.84,15397.81,4975.51,5025.3562
500292279000,MPL-20,MILNEPT,MILNE_KUP,231.7,2.09,76.84,15397.81,4975.51,5057.91941
500292279000,MPL-20,MILNEPT,MILNE_KUP,231.7,,76.84,15397.81,4975.51,5057.91941
500292279000,MPL-20,MILNEPT,MILNE_KUP,232.6,,77.69,15491.8,4996.23,5078.63749
500292279000,MPL-20,MILNEPT,MILNE_KUP,232.6,,77.69,15491.84,4996.24,5078.64779
500292279000,MPL-20,MILNEPT,MILNE_KUP,232.64,1.37,77.69,15491.84,4996.24,5046.08533
500292279000,MPL-20,MILNEPT,MILNE_KUP,232.6,1.3,77.69,15491.84,4996.24,5078.64779
500292279000,MPL-20,MILNEPT,MILNE_KUP,231.79,0.89,77.69,15584.66,5016.03,5065.87563
500292279000,MPL-20,MILNEPT,MILNE_KUP,231.8,0.84,77.69,15584.66,5016.03,5098.43741
500292279000,MPL-20,MILNEPT,MILNE_KUP,231.8,,77.69,15584.66,5016.03,5098.43741
500292279000,MPL-20,MILNEPT,MILNE_KUP,231.8,,77.69,15584.7,5016.03,5098.44417
500292279000,MPL-20,MILNEPT,MILNE_KUP,231.9,,77.54,15679.8,5036.43,5118.84118
500292279000,MPL-20,MILNEPT,MILNE_KUP,231.9,0.19,77.54,15679.8,5036.43,5118.843
500292279000,MPL-20,MILNEPT,MILNE_KUP,231.94,0.22,77.54,15679.8,5036.43,5086.2819
500292279000,MPL-20,MILNEPT,MILNE_KUP,231.9,,77.54,15679.8,5036.43,5118.843
500292279000,MPL-20,MILNEPT,MILNE_KUP,230.7,1.26,77.3,15774.67,5057.1,5139.50663
500292279000,MPL-20,MILNEPT,MILNE_KUP,230.75,1.25,77.3,15774.67,5057.1,5106.94618
500292279000,MPL-20,MILNEPT,MILNE_KUP,230.7,,77.3,15774.67,5057.1,5139.50663
500292279000,MPL-20,MILNEPT,MILNE_KUP,230.7,,77.3,15774.7,5057.1,5139.51135
500292279000,MPL-20,MILNEPT,MILNE_KUP,230.8,0.42,76.92,15868.66,5078.06,5160.47389
500292279000,MPL-20,MILNEPT,MILNE_KUP,230.8,,76.92,15868.66,5078.06,5160.47389
500292279000,MPL-20,MILNEPT,MILNE_KUP,230.81,0.41,76.92,15868.68,5078.07,5127.91855
500292279000,MPL-20,MILNEPT,MILNE_KUP,230.8,,76.92,15868.7,5078.07,5160.48083
500292279000,MPL-20,MILNEPT,MILNE_KUP,231.1,,76.57,15962.6,5099.6,5182.01074
500292279000,MPL-20,MILNEPT,MILNE_KUP,231.07,0.46,76.57,15962.64,5099.61,5149.46285
500292279000,MPL-20,MILNEPT,MILNE_KUP,231.1,0.49,76.57,15962.64,5099.61,5182.02213
500292279000,MPL-20,MILNEPT,MILNE_KUP,231.1,,76.57,15962.64,5099.61,5182.02213
500292279000,MPL-20,MILNEPT,MILNE_KUP,230.0,,76.33,16055.9,5121.46,5203.87097
500292279000,MPL-20,MILNEPT,MILNE_KUP,230.0,1.17,76.33,16055.94,5121.47,5203.88237
500292279000,MPL-20,MILNEPT,MILNE_KUP,230.01,1.13,76.33,16055.94,5121.47,5171.32368
500292279000,MPL-20,MILNEPT,MILNE_KUP,230.0,,76.33,16055.94,5121.47,5203.88237
500292279000,MPL-20,MILNEPT,MILNE_KUP,229.5,,76.03,16150.15,5143.98,5226.38665
500292279000,MPL-20,MILNEPT,MILNE_KUP,229.54,0.58,76.03,16150.15,5143.98,5193.82859
500292279000,MPL-20,MILNEPT,MILNE_KUP,229.5,0.61,76.03,16150.15,5143.98,5226.38665
500292279000,MPL-20,MILNEPT,MILNE_KUP,229.5,,76.03,16150.2,5143.99,5226.39675
500292279000,MPL-20,MILNEPT,MILNE_KUP,230.1,0.66,76.19,16241.89,5166.0,5248.40981
500292279000,MPL-20,MILNEPT,MILNE_KUP,230.14,0.66,76.19,16241.89,5166.0,5215.85238
500292279000,MPL-20,MILNEPT,MILNE_KUP,230.1,,76.19,16241.89,5166.0,5248.40981
500292279000,MPL-20,MILNEPT,MILNE_KUP,230.1,,76.19,16241.9,5166.0,5248.41031
500292279000,MPL-20,MILNEPT,MILNE_KUP,231.4,1.44,76.58,16333.47,5187.56,5269.96826
500292279000,MPL-20,MILNEPT,MILNE_KUP,231.4,,76.58,16333.47,5187.56,5269.96826
500292279000,MPL-20,MILNEPT,MILNE_KUP,231.36,1.36,76.58,16333.47,5187.56,5237.41135
500292279000,MPL-20,MILNEPT,MILNE_KUP,231.4,,76.58,16333.5,5187.57,5269.97346
500292279000,MPL-20,MILNEPT,MILNE_KUP,232.2,,76.72,16427.8,5209.34,5291.74756
500292279000,MPL-20,MILNEPT,MILNE_KUP,232.23,0.91,76.72,16427.82,5209.35,5259.1977
500292279000,MPL-20,MILNEPT,MILNE_KUP,232.2,0.84,76.72,16427.82,5209.35,5291.7539
500292279000,MPL-20,MILNEPT,MILNE_KUP,232.2,,76.72,16427.82,5209.35,5291.7539
500292279000,MPL-20,MILNEPT,MILNE_KUP,229.8,,76.5,16522.78,5231.34,5313.74759
500292279000,MPL-20,MILNEPT,MILNE_KUP,229.75,2.55,76.5,16522.78,5231.34,5281.19225
500292279000,MPL-20,MILNEPT,MILNE_KUP,229.8,2.47,76.5,16522.78,5231.34,5313.74759
500292279000,MPL-20,MILNEPT,MILNE_KUP,229.8,,76.5,16522.8,5231.35,5313.75051
500292279000,MPL-20,MILNEPT,MILNE_KUP,229.6,0.21,76.51,16617.28,5253.4,5335.80018
500292279000,MPL-20,MILNEPT,MILNE_KUP,229.62,0.13,76.51,16617.28,5253.4,5303.24548
500292279000,MPL-20,MILNEPT,MILNE_KUP,229.6,,76.51,16617.28,5253.4,5335.80018
500292279000,MPL-20,MILNEPT,MILNE_KUP,229.6,,76.51,16617.3,5253.4,5335.8031
500292279000,MPL-20,MILNEPT,MILNE_KUP,232.0,,76.81,16711.95,5275.24,5357.6463
500292279000,MPL-20,MILNEPT,MILNE_KUP,232.0,2.49,76.81,16711.95,5275.24,5357.6463
500292279000,MPL-20,MILNEPT,MILNE_KUP,231.96,2.43,76.81,16711.95,5275.24,5325.09211
500292279000,MPL-20,MILNEPT,MILNE_KUP,232.0,,76.81,16712.0,5275.25,5357.65615
500292279000,MPL-20,MILNEPT,MILNE_KUP,232.2,,76.81,16805.3,5296.54,5378.94545
500292279000,MPL-20,MILNEPT,MILNE_KUP,232.2,0.21,76.81,16805.31,5296.55,5378.94929
500292279000,MPL-20,MILNEPT,MILNE_KUP,232.25,0.3,76.81,16805.31,5296.55,5346.39577
500292279000,MPL-20,MILNEPT,MILNE_KUP,232.2,,76.81,16805.31,5296.55,5378.94929
500292279000,MPL-20,MILNEPT,MILNE_KUP,232.3,,76.67,16900.48,5318.38,5400.77846
500292279000,MPL-20,MILNEPT,MILNE_KUP,232.34,0.17,76.67,16900.48,5318.38,5368.22559
500292279000,MPL-20,MILNEPT,MILNE_KUP,232.3,0.18,76.67,16900.48,5318.38,5400.77846
500292279000,MPL-20,MILNEPT,MILNE_KUP,232.3,,76.67,16900.5,5318.38,5400.7815
500292279000,MPL-20,MILNEPT,MILNE_KUP,231.3,,76.49,16994.46,5340.19,5422.59055
500292279000,MPL-20,MILNEPT,MILNE_KUP,231.3,1.09,76.49,16994.46,5340.19,5390.03838
500292279000,MPL-20,MILNEPT,MILNE_KUP,231.3,1.05,76.49,16994.46,5340.19,5422.59055
500292279000,MPL-20,MILNEPT,MILNE_KUP,231.3,,76.49,16994.5,5340.2,5422.59823
500292279000,MPL-20,MILNEPT,MILNE_KUP,230.3,1.03,76.38,17089.05,5362.38,5444.77701
500292279000,MPL-20,MILNEPT,MILNE_KUP,230.3,,76.38,17089.05,5362.38,5444.77701
500292279000,MPL-20,MILNEPT,MILNE_KUP,230.34,0.99,76.38,17089.05,5362.38,5412.22544
500292279000,MPL-20,MILNEPT,MILNE_KUP,230.3,,76.38,17089.1,5362.39,5444.78704
500292279000,MPL-20,MILNEPT,MILNE_KUP,230.6,,75.92,17184.8,5385.3,5467.69577
500292279000,MPL-20,MILNEPT,MILNE_KUP,230.59,0.54,75.92,17184.82,5385.3,5435.15157
500292279000,MPL-20,MILNEPT,MILNE_KUP,230.6,,75.92,17184.82,5385.3,5467.7025
500292279000,MPL-20,MILNEPT,MILNE_KUP,230.6,0.57,75.92,17184.82,5385.3,5467.7025
500292279000,MPL-20,MILNEPT,MILNE_KUP,231.5,,74.32,17279.38,5409.58,5491.98476
500292279000,MPL-20,MILNEPT,MILNE_KUP,231.5,1.93,74.32,17279.38,5409.58,5491.98476
500292279000,MPL-20,MILNEPT,MILNE_KUP,231.49,1.93,74.32,17279.38,5409.58,5459.43446
500292279000,MPL-20,MILNEPT,MILNE_KUP,231.5,,74.32,17279.4,5409.59,5491.9883
500292279000,MPL-20,MILNEPT,MILNE_KUP,231.9,1.41,73.04,17373.89,5436.14,5518.54178
500292279000,MPL-20,MILNEPT,MILNE_KUP,231.9,,73.04,17373.89,5436.14,5518.54178
500292279000,MPL-20,MILNEPT,MILNE_KUP,231.93,1.43,73.04,17373.89,5436.14,5485.99212
500292279000,MPL-20,MILNEPT,MILNE_KUP,231.9,,73.04,17373.9,5436.15,5518.54251
500292279000,MPL-20,MILNEPT,MILNE_KUP,233.5,,72.21,17469.75,5464.77,5547.16935
500292279000,MPL-20,MILNEPT,MILNE_KUP,233.5,1.79,72.21,17469.75,5464.77,5514.62025
500292279000,MPL-20,MILNEPT,MILNE_KUP,233.5,1.81,72.21,17469.75,5464.77,5547.16935
500292279000,MPL-20,MILNEPT,MILNE_KUP,233.5,,72.21,17469.8,5464.79,5547.18203
500292279000,MPL-20,MILNEPT,MILNE_KUP,235.3,2.16,71.17,17562.55,5493.93,5543.77648
500292279000,MPL-20,MILNEPT,MILNE_KUP,235.3,2.16,71.17,17562.55,5493.93,5576.32499
500292279000,MPL-20,MILNEPT,MILNE_KUP,235.3,,71.17,17562.55,5493.93,5576.32499
500292279000,MPL-20,MILNEPT,MILNE_KUP,235.3,,71.17,17562.6,5493.94,5576.33767
500292279000,MPL-20,MILNEPT,MILNE_KUP,234.6,,69.61,17659.16,5526.35,5608.74821
500292279000,MPL-20,MILNEPT,MILNE_KUP,234.6,1.75,69.61,17659.16,5526.35,5608.74821
500292279000,MPL-20,MILNEPT,MILNE_KUP,234.61,1.75,69.61,17659.16,5526.35,5576.20028
500292279000,MPL-20,MILNEPT,MILNE_KUP,234.6,,69.61,17659.2,5526.36,5608.75753
500292279000,MPL-20,MILNEPT,MILNE_KUP,236.6,3.02,67.49,17752.47,5560.47,5642.87172
500292279000,MPL-20,MILNEPT,MILNE_KUP,236.6,,67.49,17752.47,5560.47,5642.87172
500292279000,MPL-20,MILNEPT,MILNE_KUP,236.64,3.04,67.49,17752.47,5560.47,5610.32443
500292279000,MPL-20,MILNEPT,MILNE_KUP,236.6,,67.49,17752.5,5560.49,5642.87738
500292279000,MPL-20,MILNEPT,MILNE_KUP,235.41,7.51,65.08,17787.89,5574.72,5624.56951
500292279000,MPL-20,MILNEPT,MILNE_KUP,235.4,,65.08,17847.89,5600.22,5681.2468
500292279000,MPL-20,MILNEPT,MILNE_KUP,235.4,2.78,65.08,17847.89,5600.22,5681.2468
500292279000,MPL-20,MILNEPT,MILNE_KUP,235.4,,65.08,17847.9,5600.22,5681.24442
500292279000,MPL-20,MILNEPT,MILNE_KUP,234.7,,63.92,17941.0,5640.64,5721.32472
500292279000,MPL-20,MILNEPT,MILNE_KUP,234.73,0.86,63.92,17941.04,5640.65,5690.50262
500292279000,MPL-20,MILNEPT,MILNE_KUP,234.7,1.42,63.92,17941.04,5640.65,5721.34863
500292279000,MPL-20,MILNEPT,MILNE_KUP,234.7,,63.92,17941.04,5640.65,5721.34863
500292279000,MPL-20,MILNEPT,MILNE_KUP,235.6,,62.72,18035.15,5682.91,5763.60461
500292279000,MPL-20,MILNEPT,MILNE_KUP,235.6,1.53,62.72,18035.15,5682.91,5763.60461
500292279000,MPL-20,MILNEPT,MILNE_KUP,235.6,1.52,62.72,18035.15,5682.91,5732.75905
500292279000,MPL-20,MILNEPT,MILNE_KUP,235.6,,62.72,18035.2,5682.93,5763.62111
500292279000,MPL-20,MILNEPT,MILNE_KUP,236.1,,60.32,18129.7,5727.99,5808.68055
500292279000,MPL-20,MILNEPT,MILNE_KUP,236.1,2.58,60.32,18129.75,5728.02,5808.71173
500292279000,MPL-20,MILNEPT,MILNE_KUP,236.06,2.57,60.32,18129.75,5728.02,5777.86661
500292279000,MPL-20,MILNEPT,MILNE_KUP,236.1,,60.32,18129.75,5728.02,5808.71173
500292279000,MPL-20,MILNEPT,MILNE_KUP,236.1,,58.38,18224.07,5776.1,5856.79305
500292279000,MPL-20,MILNEPT,MILNE_KUP,236.09,2.06,58.38,18224.07,5776.1,5825.94837
500292279000,MPL-20,MILNEPT,MILNE_KUP,236.1,2.06,58.38,18224.07,5776.1,5856.79305
500292279000,MPL-20,MILNEPT,MILNE_KUP,236.1,,58.38,18224.1,5776.11,5856.80265
500292279000,MPL-20,MILNEPT,MILNE_KUP,234.39,3.01,55.95,18317.56,5826.79,5876.63991
500292279000,MPL-20,MILNEPT,MILNE_KUP,234.4,,55.95,18317.56,5826.79,5907.48417
500292279000,MPL-20,MILNEPT,MILNE_KUP,234.4,3.01,55.95,18317.56,5826.79,5907.48417
500292279000,MPL-20,MILNEPT,MILNE_KUP,234.4,,55.95,18317.6,5826.81,5907.49919
500292279000,MPL-20,MILNEPT,MILNE_KUP,234.2,,53.62,18413.3,5881.99,5962.68047
500292279000,MPL-20,MILNEPT,MILNE_KUP,234.2,2.44,53.62,18413.34,5882.02,5962.71157
500292279000,MPL-20,MILNEPT,MILNE_KUP,234.2,,53.62,18413.34,5882.02,5962.71157
500292279000,MPL-20,MILNEPT,MILNE_KUP,234.18,2.44,53.62,18413.34,5882.02,5931.86772
500292279000,MPL-20,MILNEPT,MILNE_KUP,232.7,,51.33,18506.6,5938.82,6019.50846
500292279000,MPL-20,MILNEPT,MILNE_KUP,232.7,2.77,51.33,18506.64,5938.85,6019.53957
500292279000,MPL-20,MILNEPT,MILNE_KUP,232.7,2.76,51.33,18506.64,5938.85,5988.69601
500292279000,MPL-20,MILNEPT,MILNE_KUP,232.7,,51.33,18506.64,5938.85,6019.53957
500292279000,MPL-20,MILNEPT,MILNE_KUP,231.7,,48.94,18601.1,5999.39,6080.07767
500292279000,MPL-20,MILNEPT,MILNE_KUP,231.69,2.66,48.94,18601.13,5999.41,6049.25916
500292279000,MPL-20,MILNEPT,MILNE_KUP,231.7,2.66,48.94,18601.13,5999.41,6080.10236
500292279000,MPL-20,MILNEPT,MILNE_KUP,231.7,,48.94,18601.13,5999.41,6080.10236
500292279000,MPL-20,MILNEPT,MILNE_KUP,230.43,3.5,45.81,18694.5,6062.63,6112.48287
500292279000,MPL-20,MILNEPT,MILNE_KUP,230.4,3.5,45.81,18694.5,6062.63,6143.32586
500292279000,MPL-20,MILNEPT,MILNE_KUP,230.4,,45.81,18694.5,6062.63,6143.32586
500292279000,MPL-20,MILNEPT,MILNE_KUP,230.4,,45.81,18694.5,6062.63,6143.32148
500292279000,MPL-20,MILNEPT,MILNE_KUP,229.0,,42.36,18789.4,6130.79,6211.4803
500292279000,MPL-20,MILNEPT,MILNE_KUP,229.03,3.78,42.36,18789.45,6130.83,6180.67787
500292279000,MPL-20,MILNEPT,MILNE_KUP,229.0,3.78,42.36,18789.45,6130.83,6211.52059
500292279000,MPL-20,MILNEPT,MILNE_KUP,229.0,,42.36,18789.45,6130.83,6211.52059
500292279000,MPL-20,MILNEPT,MILNE_KUP,226.6,,38.52,18884.6,6203.24,6283.92654
500292279000,MPL-20,MILNEPT,MILNE_KUP,226.6,,38.52,18884.64,6203.27,6283.95922
500292279000,MPL-20,MILNEPT,MILNE_KUP,226.57,4.37,38.52,18884.64,6203.27,6253.11696
500292279000,MPL-20,MILNEPT,MILNE_KUP,226.6,4.35,38.52,18884.64,6203.27,6283.95922
500292279000,MPL-20,MILNEPT,MILNE_KUP,224.0,,35.32,18977.55,6277.54,6358.23339
500292279000,MPL-20,MILNEPT,MILNE_KUP,224.02,3.82,35.32,18977.55,6277.54,6327.39114
500292279000,MPL-20,MILNEPT,MILNE_KUP,224.0,3.83,35.32,18977.55,6277.54,6358.23339
500292279000,MPL-20,MILNEPT,MILNE_KUP,224.0,,35.32,18977.6,6277.58,6358.27265
500292279000,MPL-20,MILNEPT,MILNE_KUP,223.8,,35.09,19035.26,6324.7,6405.3879
500292279000,MPL-20,MILNEPT,MILNE_KUP,223.8,0.45,35.09,19035.26,6324.7,6405.3879
500292279000,MPL-20,MILNEPT,MILNE_KUP,223.79,0.46,35.09,19035.28,6324.71,6374.56211
500292279000,MPL-20,MILNEPT,MILNE_KUP,223.8,,35.09,19035.3,6324.73,6405.419
500292279000,MPL-20,MILNEPT,MILNE_KUP,226.7,,35.4,19154.6,6422.17,6502.85715
500292279000,MPL-20,MILNEPT,MILNE_KUP,226.7,1.43,35.4,19154.62,6422.18,6502.87506
500292279000,MPL-20,MILNEPT,MILNE_KUP,226.7,,35.4,19154.62,6422.18,6502.87506
500292279000,MPL-20,MILNEPT,MILNE_KUP,226.71,1.44,35.4,19154.62,6422.18,6472.03325
500292279000,MPL-20,MILNEPT,MILNE_KUP,223.9,,37.51,19226.56,6480.05,6560.7389
500292279000,MPL-20,MILNEPT,MILNE_KUP,223.9,3.74,37.51,19226.56,6480.05,6529.89727
500292279000,MPL-20,MILNEPT,MILNE_KUP,223.9,3.73,37.51,19226.56,6480.05,6560.7389
500292279000,MPL-20,MILNEPT,MILNE_KUP,226.7,,35.4,19261.0,6507.47,6589.58675
500292279000,MPL-20,MILNEPT,MILNE_KUP,223.1,1.65,35.98,19323.76,6557.93,6638.62399
500292279000,MPL-20,MILNEPT,MILNE_KUP,223.1,1.65,35.98,19323.76,6557.93,6607.78255
500292279000,MPL-20,MILNEPT,MILNE_KUP,223.1,,35.98,19323.76,6557.93,6638.62399
500292279000,MPL-20,MILNEPT,MILNE_KUP,225.9,,33.03,19418.04,6635.62,6716.31432
500292279000,MPL-20,MILNEPT,MILNE_KUP,225.9,3.55,33.03,19418.04,6635.62,6685.47305
500292279000,MPL-20,MILNEPT,MILNE_KUP,225.9,3.55,33.03,19418.04,6635.62,6716.31432
500292279000,MPL-20,MILNEPT,MILNE_KUP,229.0,,30.82,19512.94,6716.17,6796.86034
500292279000,MPL-20,MILNEPT,MILNE_KUP,229.0,2.9,30.82,19512.94,6716.17,6766.01922
500292279000,MPL-20,MILNEPT,MILNE_KUP,229.0,2.9,30.82,19512.94,6716.17,6796.86034
500292279000,MPL-20,MILNEPT,MILNE_KUP,227.9,,29.38,19607.25,6797.76,6878.45125
500292279000,MPL-20,MILNEPT,MILNE_KUP,227.9,1.63,29.38,19607.25,6797.76,6878.45125
500292279000,MPL-20,MILNEPT,MILNE_KUP,227.9,1.63,29.38,19607.25,6797.76,6847.61027
500292279000,MPL-20,MILNEPT,MILNE_KUP,230.6,,27.1,19701.53,6880.82,6961.50737
500292279000,MPL-20,MILNEPT,MILNE_KUP,230.6,2.77,27.1,19701.53,6880.82,6961.50737
500292279000,MPL-20,MILNEPT,MILNE_KUP,230.6,2.77,27.1,19701.53,6880.82,6930.66651
500292279000,MPL-20,MILNEPT,MILNE_KUP,230.6,,27.1,19770.0,6941.77,7022.46024
500292279000,MPL-20,MILNEPT,MILNE_KUP,230.6,0.0,27.1,19770.0,6941.77,7022.46024
500292279000,MPL-20,MILNEPT,MILNE_KUP,230.6,0.0,27.1,19770.0,6941.77,6991.61945
