well,pad,ipr_source,ipr_r2,latest_gauge_date,saved_cutoff,exclusion,test_age_days,watercut_difference_points,input_flags,rejected_tests,recent_test_count,pump_date,model_installed_nozzle,model_installed_throat,model_form_wc,model_form_gor,model_res_pres,model_jpump_direction,date,wt_uid,observed_bhp,observed_oil,observed_pf,ppf,pwh,wc,fgor,qtot,predicted_bhp,predicted_oil,predicted_pf,sonic,bhp_error,oil_error_bopd,oil_error_pct,pf_error_pct,error
MPB-28,B,saved,,2026-09-07,2026-08-06,,25.0,-1.395218744216753,saved coefficients/IPR predate current pump; test PF rate unavailable; BHP and oil still scored,9: before current pump or installation day,10,2026-08-07,13,C,0.83,486.0,1559.0,reverse,2026-08-14,-3606416,1106.43,344.873,,2334.969,186.587,0.8439521874421675,345.4718113624436,2210.047,1250.5761952484365,250.7678515386104,3083.614863030267,False,144.14619524843647,-94.1051484613896,-27.28689936915607,,
MPB-30,B,saved,,2026-09-07,2026-08-03,,6.0,-3.510347504773592,test PF rate unavailable; BHP and oil still scored,2: before current pump or installation day,9,2026-07-10,12,D,0.7699999809265137,3138.0,1519.0,reverse,2026-09-02,-3617972,1204.32,275.863,,2565.553,221.094,0.8051034559742496,4289.187023993794,1415.433,1112.681318161196,367.7163265703852,3018.4242653957735,True,-91.6386818388039,91.8533265703852,33.29671850533968,,
MPB-32,B,saved,,2026-09-07,2026-08-03,no usable BHP/oil/pressure test in current pump era within 90 days,,,,,0,2026-04-29,10,A,0.5,584.0,1008.0,reverse,,,,,,,,,,,,,,,,,,,
MPB-35,B,saved,,2026-09-07,2026-08-10,,3.0,0.0,saved coefficients/IPR predate current pump; reported test PF exceeds 20000 BPD; retained in raw score,12: before current pump or installation day,13,2026-08-15,12,B,0.0,249.0,1687.0,reverse,2026-09-05,-3621685,290.49,388.9658,82133.56,2548.61,204.213,0.0,389.9540782248722,388.9658,894.0755511555342,281.92442326262847,2642.4483692101176,False,603.5855511555342,-107.04137673737154,-27.519482879310097,-96.78274219550434,
MPB-37,B,saved,,2026-09-07,2026-08-03,,1.0,-19.859162998569413,model and test watercut differ by over 10 percentage points,,15,2026-04-06,10,B,0.3700000047683716,339.0,774.0,reverse,2026-09-07,-3621686,573.96,325.2873,1709.296,2612.054,201.396,0.5685916347540657,242.9796675123806,754.0125,559.5745126633467,310.5756418398371,1750.1718365667307,True,-14.385487336653341,-14.711658160162926,-4.522666012525822,2.391384322360235,
MPB-39,B,saved,,2026-09-07,2026-08-03,,20.0,-20.398687988736025,model and test watercut differ by over 10 percentage points; test PF rate unavailable; BHP and oil still scored,5: before current pump or installation day,9,2026-07-23,11,B,0.20000000298023224,409.0,859.0,reverse,2026-08-19,-3610550,386.61,340.4924,,2495.0,197.764,0.4039868828675925,317.8514410306955,571.2834,422.4509067790036,386.08687548673834,2221.1889552476177,True,35.8409067790036,45.59447548673836,13.3907468967702,,
MPC-02,C,manual,,,,no credible BHP gauge reading in last 14 days,,,,,0,2025-04-12,12,B,0.5,250.0,1700.0,forward,,,,,,,,,,,,,,,,,,,
MPC-05,C,manual,,,,no credible BHP gauge reading in last 14 days,,,,,0,2023-08-06,10,C,0.5,250.0,1700.0,forward,,,,,,,,,,,,,,,,,,,
MPC-14,C,manual,,2026-07-06,,no credible BHP gauge reading in last 14 days,,,,,6,2026-09-02,12,B,0.5,1000.0,2500.0,forward,,,,,,,,,,,,,,,,,,,
MPC-15,C,manual,,,,no credible BHP gauge reading in last 14 days,,,,,0,2026-09-05,10,C,0.5,250.0,1700.0,reverse,,,,,,,,,,,,,,,,,,,
MPC-23,C,manual,,2026-02-18,,no credible BHP gauge reading in last 14 days,,,,,0,2026-01-23,9,D,0.82,5224.0,1700.0,reverse,,,,,,,,,,,,,,,,,,,
MPC-26,C,manual,,,,no credible BHP gauge reading in last 14 days,,,,,0,2025-02-25,11,C,0.5,250.0,1700.0,reverse,,,,,,,,,,,,,,,,,,,
MPC-40,C,manual,,,,no credible BHP gauge reading in last 14 days,,,,,0,2021-07-25,9,A,0.5,250.0,1700.0,reverse,,,,,,,,,,,,,,,,,,,
MPC-45,C,saved,,,2026-08-03,no credible BHP gauge reading in last 14 days,,,,,14,2026-06-16,9,A,0.83,105.0,1700.0,reverse,,,,,,,,,,,,,,,,,,,
MPE-19,E,single_test,,,,no credible BHP gauge reading in last 14 days,,,,,14,2026-09-02,11,A,0.5192111686321755,62.0,1800.0,reverse,,,,,,,,,,,,,,,,,,,
MPE-20,E,default,,2026-09-07,,no usable BHP/oil/pressure test in current pump era within 90 days,,,,,0,2025-05-06,12,B,0.5,250.0,1800.0,reverse,,,,,,,,,,,,,,,,,,,
MPE-24,E,saved,,2026-09-07,2026-09-01,,1.0,-3.0100861761422237,,4: before current pump or installation day,9,2026-08-09,12,C,0.856,62.0,993.0,reverse,2026-09-07,-3621677,860.75,238.2063,3207.295,3323.022,262.293,0.8861008617614222,63.386652661999285,2091.3793,955.5672692861152,134.36628599597938,2878.3960712915937,False,94.81726928611522,-103.84001400402062,-43.59247173732207,-10.254713978864006,
MPE-31,E,default,,2026-09-07,,no usable BHP/oil/pressure test in current pump era within 90 days,,,,,0,2024-12-11,12,C,0.5,250.0,1800.0,reverse,,,,,,,,,,,,,,,,,,,
MPE-35,E,saved,,2026-08-28,2026-09-04,no usable BHP/oil/pressure test in current pump era within 90 days,,,,10: before current pump or installation day,10,2026-09-08,13,A,0.093,62.0,943.0,reverse,,,,,,,,,,,,,,,,,,,
MPE-37,E,saved,,2026-09-07,2026-09-04,no usable BHP/oil/pressure test in current pump era within 90 days,,,,12: before current pump or installation day,12,2026-09-01,10,B,0.295,62.0,1500.0,reverse,,,,,,,,,,,,,,,,,,,
MPE-41,E,default,,2026-09-07,,no usable BHP/oil/pressure test in current pump era within 90 days,,,,,0,2025-11-06,12,B,0.5,250.0,1800.0,reverse,,,,,,,,,,,,,,,,,,,
MPE-42,E,vogel,-0.41,2026-09-07,,,1.0,-0.025701703547720278,,10: before current pump or installation day,14,2026-08-10,13,C,0.745,62.0,1054.0,reverse,2026-09-07,-3621682,643.03,387.5499,3864.659,3304.051,270.84,0.7452570170354772,62.73746942006694,1521.3369,780.6775491923947,276.04397206241845,3723.1290385529037,False,137.64754919239476,-111.50592793758153,-28.772018245284425,-3.662159105036078,
MPE-48,E,saved,,2026-09-07,2026-08-25,,22.0,13.472969275301688,model and test watercut differ by over 10 percentage points,1: no plausible measured test-day wellhead pressure,3,2025-09-07,14,C,0.428,89.0,1000.0,reverse,2026-08-17,-3613016,574.27,1021.71,5009.597,3316.114,283.354,0.2932703072469831,62.766734200506995,1445.6871,883.2177172306657,514.440484885302,4697.102422950566,False,308.9477172306657,-507.26951511469804,-49.64907019748246,-6.237918480257676,
MPF-107,F,vogel,-2.446,2026-09-07,,,5.0,0.010747413886591506,,,12,2026-05-24,13,A,0.548,323.0,1096.0,reverse,2026-09-03,-3621643,871.72,273.4903,3341.385,2614.459,460.733,0.5478925258611341,323.16722019025906,604.9232,833.0095734192587,313.69480224917737,3369.1644722421865,False,-38.71042658074134,40.20450224917738,14.700522193722176,0.8313759785893104,
MPF-73,F,vogel,-2.036,2026-09-07,,,16.0,0.0,current-config forward solve failed,,11,2026-05-22,10,X,0.0,302.0,541.0,reverse,2026-08-23,-3612999,350.4,286.244,1988.117,2673.642,452.936,0.0,302.0702617347438,286.244,,,,,,,,,ValueError: well cannot lift at max suction pressure
MPG-16,G,manual,,2026-09-07,,no usable BHP/oil/pressure test in current pump era within 90 days,,,,,0,2026-01-26,10,B,0.5,250.0,1700.0,reverse,,,,,,,,,,,,,,,,,,,
MPG-18,G,manual,,,,no credible BHP gauge reading in last 14 days,,,,,25,2026-05-29,9,C,0.76,280.0,1700.0,reverse,,,,,,,,,,,,,,,,,,,
MPH-08,H,vogel,-15.938,2026-09-07,,,14.0,-2.0890218443980757e-06,,2: no plausible measured test-day wellhead pressure,5,2026-03-07,14,C,0.964,20.0,854.0,reverse,2026-08-25,-3614257,817.38,166.1255,4687.905,3128.327,314.0,0.9640000208902184,0.0,4614.5999,840.7056212048011,60.43317963960012,4451.455985413561,False,23.32562120480111,-105.69232036039986,-63.62197276179749,-5.043809859338843,
MPH-16,H,default,,2026-05-13,,no credible BHP gauge reading in last 14 days,,,,,0,2025-03-09,11,B,0.5,250.0,1800.0,reverse,,,,,,,,,,,,,,,,,,,
MPH-18,H,default,,,,no credible BHP gauge reading in last 14 days,,,,,0,2024-10-07,10,A,0.5,250.0,1800.0,reverse,,,,,,,,,,,,,,,,,,,
MPH-19,H,vogel,-0.465,2026-09-07,,,1.0,-2.125825955396632,,,29,2025-10-29,11,B,0.803,1754.0,805.0,reverse,2026-09-07,-3621222,619.85,62.9699,2390.931,3276.291,312.205,0.8242582595539664,2016.0695824512982,358.3093,507.2918905043079,106.37957188418122,2388.146891937408,True,-112.55810949569212,43.409671884181215,68.93717773758765,-0.11644451732786276,
MPH-22,H,vogel,-1.544,2026-09-07,,,14.0,0.0,,1: no plausible measured test-day wellhead pressure,6,2026-05-29,12,B,0.031,20.0,717.0,reverse,2026-08-25,-3614267,555.25,796.0335,2878.297,3290.678,311.0,0.031,0.0,821.5,499.3540481688211,1027.8328674260213,2986.2045053044835,False,-55.89595183117888,231.79936742602126,29.119298047886332,3.7490052383226447,
MPH-23,H,vogel,-2.323,2026-02-05,,no credible BHP gauge reading in last 14 days,,,,,0,2026-03-06,15,B,0.394,20.0,1709.0,reverse,,,,,,,,,,,,,,,,,,,
MPH-31,H,vogel,0.776,,,no credible BHP gauge reading in last 14 days,,,,,0,2026-04-09,15,C,0.0,1118.0,1219.0,reverse,,,,,,,,,,,,,,,,,,,
MPH-32,H,vogel,-0.558,2026-09-07,,,13.0,0.0,,1: no plausible measured test-day wellhead pressure,5,2026-04-02,14,C,0.07,20.0,1149.0,reverse,2026-08-26,-3614270,637.25,1557.285,5677.779,3273.802,438.0,0.07,0.0,1674.5,823.3404108593478,1079.2209338483578,4604.563758586496,False,186.0904108593478,-478.06406615164224,-30.698559746715738,-18.90202562328517,
MPI-03,I,default,,,,no credible BHP gauge reading in last 14 days,,,,,0,2024-07-31,11,C,0.5,250.0,1800.0,reverse,,,,,,,,,,,,,,,,,,,
MPI-11,I,default,,,,no credible BHP gauge reading in last 14 days,,,,,0,2023-06-08,13,A,0.5,250.0,1800.0,forward,,,,,,,,,,,,,,,,,,,
MPI-15,I,default,,2026-09-07,,no dated current pump identity,,,,,0,2025-09-25,,B,0.5,250.0,1800.0,reverse,,,,,,,,,,,,,,,,,,,
MPI-17,I,saved,,,2026-08-07,no credible BHP gauge reading in last 14 days,,,,,10,2026-08-08,12,E,0.0,1583.0,1800.0,reverse,,,,,,,,,,,,,,,,,,,
MPI-22,I,saved,,2026-09-07,2026-08-07,,6.0,20.410235803775272,model and test watercut differ by over 10 percentage points,,9,2026-05-19,14,C,0.218,249.0,1069.0,reverse,2026-09-02,-3618295,416.78,1573.611,4686.727,3389.0,374.207,0.013897641962247258,480.30949199007887,1595.7887,679.6590494888259,990.9280751968198,4767.819240544663,False,262.8790494888259,-582.6829248031803,-37.02839677678793,1.730253128562076,
MPI-24,I,saved,,2026-09-07,2026-08-07,no usable BHP/oil/pressure test in current pump era within 90 days,,,,15: test circulation differs from current model,15,2026-05-20,13,C,0.682,862.0,1077.0,forward,,,,,,,,,,,,,,,,,,,
MPI-26,I,saved,,2026-09-07,2026-08-07,,2.0,-16.529900098796315,model and test watercut differ by over 10 percentage points,6: before current pump or installation day,10,2026-08-06,13,C,0.0,332.0,465.0,reverse,2026-09-06,-3620595,342.13,389.0629,3532.06,3064.575,345.281,0.16529900098796316,207.23846966647295,466.1105,257.2841475261753,745.8861864238005,3749.668063490603,True,-84.84585247382472,356.8232864238005,91.71352149583024,6.1609390409733455,
MPI-27,I,saved,,2026-09-07,2026-08-07,,7.0,-14.612679716305992,model and test watercut differ by over 10 percentage points,2: before current pump or installation day,5,2026-07-27,12,C,0.002,88.0,836.0,reverse,2026-09-01,-3618296,318.68,701.4755,2895.491,3385.585,350.079,0.14812679716305993,185.8910254171386,823.4506,493.4771223002372,588.7152075352273,2971.799635037451,False,174.79712230023722,-112.76029246477276,-16.07472997485625,2.6354298817523825,
MPI-29,I,saved,,2026-09-07,2026-08-07,,7.0,-0.366595797208491,,8: before current pump or installation day,12,2026-07-26,14,B,0.5,150.0,1072.0,reverse,2026-09-01,-3618297,397.68,952.9425,4399.154,3400.488,364.457,0.5036659579720849,311.5955055000695,1919.962,463.0453948346789,856.434714944343,4934.723614931498,True,65.36539483467891,-96.507785055657,-10.127346094403066,12.174377503754075,
MPI-31,I,saved,,2026-09-07,2026-08-07,,7.0,-8.97488943542341,,,9,2026-06-05,14,B,0.432,114.0,677.0,reverse,2026-09-01,-3618298,353.04,1056.296,4251.991,3379.301,364.897,0.5217488943542341,222.6365526329741,2208.664,388.01809140577717,1048.751012500091,4898.547237179317,True,34.97809140577715,-7.544987499908984,-0.7142872357662089,15.20596438655013,
MPI-33,I,saved,,2026-09-07,2026-08-07,,12.0,42.22447419355248,model and test watercut differ by over 10 percentage points,,5,2026-05-03,13,D,0.438,651.0,937.0,reverse,2026-08-27,-3615372,430.2,853.7582,3529.032,3421.771,343.726,0.01575525806447522,349.564783096666,867.4247,504.09587758414335,410.5394021004732,3741.1737165393206,False,73.89587758414336,-443.2187978995268,-51.91385545691119,6.01132878759163,
MPI-36,I,saved,,2026-09-07,2026-08-07,,1.0,3.561516221885308,,8: before current pump or installation day,12,2026-08-05,14,B,0.801,165.0,1048.0,reverse,2026-09-07,-3621220,635.71,655.2805,4815.379,3373.513,373.047,0.765384837781147,147.34331328339542,2793.0015,660.8823724413635,536.3827026835952,4837.593209586295,False,25.17237244136345,-118.89779731640476,-18.144565162003868,0.4613179894312758,
MPJ-09,J,manual,,,,no credible BHP gauge reading in last 14 days,,,,,0,,,,0.5,250.0,1700.0,reverse,,,,,,,,,,,,,,,,,,,
MPJ-26,J,manual,,2026-09-07,,no dated current pump identity,,,,,0,,,,0.5,250.0,1700.0,reverse,,,,,,,,,,,,,,,,,,,
MPJ-27,J,manual,,2026-09-07,,,10.0,78.0,model and test watercut differ by over 10 percentage points,1: before current pump or installation day; 1: no plausible measured test-day wellhead pressure,7,2026-06-26,11,B,0.78,1281.0,645.0,reverse,2026-08-29,-3615848,491.1,170.0276,2760.403,2588.032,343.045,0.0,398.99051683373756,170.0276,510.13027704122084,132.76490801792212,2151.294025111327,True,19.030277041220813,-37.26269198207788,-21.915672503804018,-22.06594380924354,
MPJ-29,J,saved,,2026-09-07,2026-08-11,,6.0,-36.79624912269585,model and test watercut differ by over 10 percentage points; saved coefficients/IPR predate current pump,1: before current pump or installation day,4,2026-08-13,11,B,0.151,71.0,872.0,reverse,2026-09-02,-3618301,416.86,200.4085,2049.212,2406.685,350.678,0.5189624912269585,136.9008799526966,416.6172,788.3444386804341,167.62383965951278,1960.1081928945894,False,371.4844386804341,-32.78466034048722,-16.358917082103417,-4.348198580986773,
MPJ-32,J,manual,,2025-10-08,,no credible BHP gauge reading in last 14 days,,,,,5,2026-02-01,11,C,0.46,1163.0,1700.0,reverse,,,,,,,,,,,,,,,,,,,
MPL-06,L,vogel,-1.915,2026-09-07,,,6.0,-18.142341994277672,model and test watercut differ by over 10 percentage points,2: invalid BHP; 1: no plausible measured test-day wellhead pressure,6,2023-06-24,11,B,0.179,2996.0,2361.0,reverse,2026-09-02,-3621665,1661.53,591.8146,2192.094,2611.064,594.901,0.3604234199427767,3674.375556128558,925.3225,1920.142311714677,542.9532855270193,2231.248332933131,False,258.61231171467693,-48.86131447298078,-8.256186054379322,1.7861612199628008,
MPL-20,L,single_test,,,,no credible BHP gauge reading in last 14 days,,,,,1,2026-07-03,12,B,0.8189868067666983,212.0,1800.0,forward,,,,,,,,,,,,,,,,,,,
MPM-10,M,saved,,2026-09-07,2026-08-10,no usable BHP/oil/pressure test in current pump era within 90 days,,,,3: before current pump or installation day,3,2026-08-31,13,B,0.322,317.0,1011.0,reverse,,,,,,,,,,,,,,,,,,,
MPM-12,M,saved,,2026-09-07,2026-08-10,no usable BHP/oil/pressure test in current pump era within 90 days,,,,2: before current pump or installation day,2,2026-09-03,13,B,0.26,261.0,956.0,reverse,,,,,,,,,,,,,,,,,,,
MPM-14,M,saved,,2026-09-07,2026-08-10,no usable BHP/oil/pressure test in current pump era within 90 days,,,,2: before current pump or installation day,2,2026-09-02,13,B,0.304,258.0,1175.0,reverse,,,,,,,,,,,,,,,,,,,
MPM-16,M,saved,,2026-09-07,2026-08-10,,16.0,2.32971168312882,,,3,2026-05-15,12,B,0.103,230.0,888.0,reverse,2026-08-23,-3611559,519.34,780.6874,3245.166,3383.877,389.412,0.0797028831687118,226.23024273223828,848.2993,614.7303820123092,876.0244461126698,3005.367398613678,True,95.39038201230915,95.33704611266978,12.211936059512407,-7.389409398049973,
MPM-18,M,saved,,2026-09-07,2026-08-10,no usable BHP/oil/pressure test in current pump era within 90 days,,,,,0,2026-05-15,13,B,0.51,257.0,1645.0,reverse,,,,,,,,,,,,,,,,,,,
MPM-20,M,saved,,2026-09-07,2026-08-10,no usable BHP/oil/pressure test in current pump era within 90 days,,,,3: before current pump or installation day,3,2026-09-01,11,B,0.042,350.0,788.0,reverse,,,,,,,,,,,,,,,,,,,
MPM-22,M,saved,,,2026-09-04,no credible BHP gauge reading in last 14 days,,,,,3,2026-09-05,11,C,0.36,400.0,1200.0,reverse,,,,,,,,,,,,,,,,,,,
MPM-24,M,saved,,,2026-08-10,no credible BHP gauge reading in last 14 days,,,,,3,2026-07-10,11,C,0.08,405.0,2160.0,reverse,,,,,,,,,,,,,,,,,,,
MPM-26,M,default,,2026-09-07,,no usable BHP/oil/pressure test in current pump era within 90 days,,,,,0,2024-04-19,12,A,0.5,250.0,1800.0,reverse,,,,,,,,,,,,,,,,,,,
MPM-28,M,saved,,2026-09-07,2026-08-10,,6.0,-13.740669160803638,model and test watercut differ by over 10 percentage points,,4,2026-07-02,14,B,0.41,236.0,786.0,reverse,2026-09-02,-3620438,362.23,552.1069,4757.465,2906.747,400.346,0.5474066916080363,276.42853222808844,1219.8742,414.4166722608065,519.074778223136,4599.391815331151,False,52.18667226080646,-33.03212177686396,-5.98292138295391,-3.3226347365424513,
MPM-30,M,saved,,2026-09-07,2026-08-10,,14.0,6.55253726341643,,1: before current pump or installation day,2,2026-08-08,13,B,0.4,238.0,1250.0,reverse,2026-08-25,-3612764,440.1,947.3178,3974.066,3433.154,398.901,0.3344746273658357,263.7287085706613,1423.4135,517.066743245466,791.4251581332375,3889.753030450707,True,76.96674324546598,-155.89264186676257,-16.456213729623002,-2.1215794994167925,
MPM-32,M,saved,,2026-09-07,2026-08-10,,2.0,-3.6755862886253654,,1: before current pump or installation day,3,2026-07-28,14,B,0.492,211.0,1150.0,reverse,2026-09-06,-3620523,461.68,1075.25,4612.116,3433.037,416.604,0.5287558628862536,244.1707509881423,2281.726,545.2456880854526,923.1448338270103,4792.400028826769,False,83.56568808545256,-152.1051661729897,-14.146028009578204,3.9089222566554893,
MPM-34,M,manual,,2026-09-07,,no usable BHP/oil/pressure test in current pump era within 90 days,,,,2: before current pump or installation day,2,2026-09-01,13,B,0.26,422.0,1400.0,reverse,,,,,,,,,,,,,,,,,,,
MPM-43,M,saved,,2026-09-07,2026-08-10,,20.0,-16.31155423031742,model and test watercut differ by over 10 percentage points; saved coefficients/IPR predate current pump,2: before current pump or installation day,3,2026-08-13,12,C,0.412,340.0,740.0,reverse,2026-08-19,-3608612,354.38,363.9706,3058.211,3440.029,401.098,0.5751155423031742,321.311941129311,856.6343,268.10107060186175,392.1219622513897,3057.3952554643524,False,-86.27892939813825,28.151362251389685,7.734515439266154,-0.026673912808738987,
MPM-45,M,saved,,2026-09-07,2026-08-10,,22.0,-10.81513598738667,model and test watercut differ by over 10 percentage points,,3,2026-06-08,12,B,0.52,188.0,672.0,reverse,2026-08-17,-3607186,365.42,377.352,3235.827,3447.513,403.146,0.6281513598738667,240.45586084080645,1014.8,286.4743711767051,354.8657326892524,3080.2437293249436,True,-78.9456288232949,-22.486267310747564,-5.958963331517408,-4.808145511952788,
MPM-60,M,saved,,2026-09-07,2026-08-10,,1.0,-24.588377048948335,model and test watercut differ by over 10 percentage points,1: before current pump or installation day,3,2026-07-11,14,B,0.129,179.0,675.0,reverse,2026-09-07,-3621165,398.47,901.1328,4688.505,3430.051,407.327,0.37488377048948335,200.2392988025738,1441.5444,429.75047095741274,1105.6117121082777,4951.790960394588,True,31.280470957412717,204.47891210827777,22.691318317153453,5.615563178339111,
MPM-62,M,saved,,2026-09-07,2026-08-10,,25.0,-4.675694475663949,,1: before current pump or installation day,3,2026-07-01,14,B,0.47,240.0,1020.0,reverse,2026-08-14,-3605170,490.4,1386.65,4381.828,3439.492,408.223,0.5167569447566395,192.61781992572026,2869.467,660.5720262177082,725.9717210277048,4750.211736587229,False,170.1720262177082,-660.6782789722953,-47.645640859070085,8.407078885506891,
MPM-64,M,saved,,2026-09-07,2026-08-10,,22.0,-10.804074178139928,model and test watercut differ by over 10 percentage points,,2,2026-05-23,14,B,0.052,159.0,642.0,reverse,2026-08-17,-3607183,376.21,1195.766,5158.617,3427.457,410.041,0.16004074178139926,170.6855689156574,1423.6,429.4320062101426,1207.5664214711107,4921.532658830528,True,53.22200621014264,11.800421471110667,0.9868503930627437,-4.595889579890744,
MPR-111,R,single_test,,,,no credible BHP gauge reading in last 14 days,,,,,0,2025-12-18,13,B,0.0,301.0,1800.0,reverse,,,,,,,,,,,,,,,,,,,
MPS-03,S,saved,,2026-08-08,2026-07-31,no credible BHP gauge reading in last 14 days,,,,,4,2026-07-03,9,B,0.25,500.0,1200.0,reverse,,,,,,,,,,,,,,,,,,,
MPS-05,S,saved,,2026-08-08,2026-08-17,no credible BHP gauge reading in last 14 days,,,,,6,2025-09-18,9,C,0.25,1750.0,1400.0,reverse,,,,,,,,,,,,,,,,,,,
MPS-08,S,default,,,,no credible BHP gauge reading in last 14 days,,,,,0,2024-12-31,,,0.5,250.0,1800.0,forward,,,,,,,,,,,,,,,,,,,
MPS-12,S,single_test,,2026-08-08,,no credible BHP gauge reading in last 14 days,,,,,8,2026-07-28,10,C,0.0,591.0,1800.0,reverse,,,,,,,,,,,,,,,,,,,
MPS-17,S,single_test,,2026-08-08,,no credible BHP gauge reading in last 14 days,,,,,6,2026-07-12,9,B,0.0,214.0,1800.0,forward,,,,,,,,,,,,,,,,,,,
MPS-204,S,vogel,-1.037,2026-08-27,,,38.0,-39.3681273043923,latest usable test is over 30 days old; model and test watercut differ by over 10 percentage points,2: before current pump or installation day; 1: no plausible test-day PF pressure; 1: invalid BHP,5,2026-07-29,12,B,0.328,709.0,1529.0,reverse,2026-08-01,-3596186,999.0,365.1783,2862.677,3336.694,273.717,0.721681273043923,687.4499388380964,1312.0867,846.6724026054583,652.6061362453586,2924.946301973967,True,-152.32759739454173,287.4278362453586,78.70890363566471,2.175212291640549,
MPS-23,S,vogel,-3.471,2026-09-07,,no usable BHP/oil/pressure test in current pump era within 90 days,,,,5: before current pump or installation day,5,2026-08-09,11,B,0.636,1281.0,720.0,reverse,,,,,,,,,,,,,,,,,,,
MPS-25,S,single_test,,2026-08-08,,no credible BHP gauge reading in last 14 days,,,,,3,2026-04-17,11,D,0.0,115.0,1800.0,forward,,,,,,,,,,,,,,,,,,,
MPS-28,S,default,,2026-09-07,,no usable BHP/oil/pressure test in current pump era within 90 days,,,,,0,2024-09-02,10,B,0.5,250.0,1800.0,reverse,,,,,,,,,,,,,,,,,,,
MPS-29,S,default,,2026-09-07,,no dated current pump identity,,,,,0,,,,0.5,250.0,1800.0,reverse,,,,,,,,,,,,,,,,,,,
MPS-35,S,default,,2026-09-07,,no dated current pump identity,,,,,0,,,,0.5,250.0,1800.0,reverse,,,,,,,,,,,,,,,,,,,
MPS-45,S,vogel,0.122,2026-09-07,,no usable BHP/oil/pressure test in current pump era within 90 days,,,,4: before current pump or installation day,4,2026-08-08,13,B,0.886,1638.0,1122.0,reverse,,,,,,,,,,,,,,,,,,,
MPS-47,S,single_test,,,,no credible BHP gauge reading in last 14 days,,,,,8,2023-03-20,13,B,0.5664444803945462,341.0,1800.0,reverse,,,,,,,,,,,,,,,,,,,
MPS-54,S,saved,,2026-09-07,2026-08-27,no usable BHP/oil/pressure test in current pump era within 90 days,,,,8: before current pump or installation day,8,2026-08-31,15,A,0.263,363.0,857.0,forward,,,,,,,,,,,,,,,,,,,
MPS-57,S,default,,2026-09-07,,no usable BHP/oil/pressure test in current pump era within 90 days,,,,,0,2025-11-21,9,B,0.5,250.0,1800.0,reverse,,,,,,,,,,,,,,,,,,,
MPS-67,S,vogel,-1.221,2026-09-07,,,54.0,0.0232124054929006,latest usable test is over 30 days old,1: no plausible measured test-day wellhead pressure,6,2026-06-19,14,B,0.744,1875.0,1761.0,reverse,2026-07-16,-3587798,863.57,542.1173,4412.035,3278.693,340.479,0.743767875945071,1875.5608795365874,2115.7273,992.4567254880193,482.96222636897903,4747.2637201369635,True,128.88672548801924,-59.15507363102097,-10.91185867542338,7.598052149109513,
MPS-90,S,default,,2026-09-07,,no usable BHP/oil/pressure test in current pump era within 90 days,,,,,0,2023-04-27,11,A,0.5,250.0,1800.0,forward,,,,,,,,,,,,,,,,,,,
